[     503ms] [WARNING] WARNING: Invalid layout total size: 50%, 100%. Layout normalization will be applied. @ http://localhost:5173/node_modules/.vite/deps/reka-ui.js?v=91d2e1a0:32391
[   39505ms] [ERROR] API Error: Error: pywebview is not registered
    at createObject (http://localhost:5173/src/api/object.ts:19:10)
    at callApi (http://localhost:5173/src/composables/useApi.ts:10:25)
    at createObject (http://localhost:5173/src/composables/useApi.ts:21:44)
    at Proxy.saveObjectToDB (http://localhost:5173/src/store/useMapObjectStore.ts:250:17)
    at Proxy.wrappedAction (http://localhost:5173/node_modules/.vite/deps/pinia.js?v=91d2e1a0:4795:14)
    at store.<computed> (http://localhost:5173/node_modules/.vite/deps/pinia.js?v=91d2e1a0:4482:40)
    at Proxy.finalizeObject (http://localhost:5173/src/composables/useL7.ts:79:25)
    at Proxy.handleSubmit (http://localhost:5173/src/components/Map/MapOptions.vue:39:10)
    at _createVNode.onClick._cache.<computed>._cache.<computed> (http://localhost:5173/src/components/Map/MapOptions.vue:82:59)
    at callWithErrorHandling (http://localhost:5173/node_modules/.vite/deps/vue.runtime.esm-bundler-2BtxhwZ0.js?v=91d2e1a0:1865:17) @ http://localhost:5173/src/api/object.ts:20
[   39554ms] [ERROR] API Error: Error: pywebview is not registered
    at createObject (http://localhost:5173/src/api/object.ts:19:10)
    at callApi (http://localhost:5173/src/composables/useApi.ts:10:25)
    at createObject (http://localhost:5173/src/composables/useApi.ts:21:44)
    at Proxy.saveObjectToDB (http://localhost:5173/src/store/useMapObjectStore.ts:250:17)
    at Proxy.wrappedAction (http://localhost:5173/node_modules/.vite/deps/pinia.js?v=91d2e1a0:4795:14)
    at store.<computed> (http://localhost:5173/node_modules/.vite/deps/pinia.js?v=91d2e1a0:4482:40)
    at Proxy.finalizeObject (http://localhost:5173/src/composables/useL7.ts:79:25)
    at Proxy.handleSubmit (http://localhost:5173/src/components/Map/MapOptions.vue:39:10)
    at _createVNode.onClick._cache.<computed>._cache.<computed> (http://localhost:5173/src/components/Map/MapOptions.vue:82:59)
    at callWithErrorHandling (http://localhost:5173/node_modules/.vite/deps/vue.runtime.esm-bundler-2BtxhwZ0.js?v=91d2e1a0:1865:17) @ http://localhost:5173/src/composables/useApi.ts:13
[   39569ms] Error: pywebview is not registered
    at createObject (http://localhost:5173/src/api/object.ts:19:10)
    at callApi (http://localhost:5173/src/composables/useApi.ts:10:25)
    at createObject (http://localhost:5173/src/composables/useApi.ts:21:44)
    at Proxy.saveObjectToDB (http://localhost:5173/src/store/useMapObjectStore.ts:250:17)
    at Proxy.wrappedAction (http://localhost:5173/node_modules/.vite/deps/pinia.js?v=91d2e1a0:4795:14)
    at store.<computed> (http://localhost:5173/node_modules/.vite/deps/pinia.js?v=91d2e1a0:4482:40)
    at Proxy.finalizeObject (http://localhost:5173/src/composables/useL7.ts:79:25)
    at Proxy.handleSubmit (http://localhost:5173/src/components/Map/MapOptions.vue:39:10)
    at _createVNode.onClick._cache.<computed>._cache.<computed> (http://localhost:5173/src/components/Map/MapOptions.vue:82:59)
    at callWithErrorHandling (http://localhost:5173/node_modules/.vite/deps/vue.runtime.esm-bundler-2BtxhwZ0.js?v=91d2e1a0:1865:17)
[   69780ms] [ERROR] API Error: Error: pywebview is not registered
    at updateObject (http://localhost:5173/src/api/object.ts:83:10)
    at callApi (http://localhost:5173/src/composables/useApi.ts:10:25)
    at updateObject (http://localhost:5173/src/composables/useApi.ts:24:44)
    at updateObjectInBackend (http://localhost:5173/src/components/List/List.vue:97:25)
    at Proxy.changeDash (http://localhost:5173/src/components/List/List.vue:67:27)
    at onUpdate:modelValue (http://localhost:5173/src/components/List/List.vue:493:33)
    at callWithErrorHandling (http://localhost:5173/node_modules/.vite/deps/vue.runtime.esm-bundler-2BtxhwZ0.js?v=91d2e1a0:1865:17)
    at callWithAsyncErrorHandling (http://localhost:5173/node_modules/.vite/deps/vue.runtime.esm-bundler-2BtxhwZ0.js?v=91d2e1a0:1872:15)
    at emit (http://localhost:5173/node_modules/.vite/deps/vue.runtime.esm-bundler-2BtxhwZ0.js?v=91d2e1a0:4569:15)
    at http://localhost:5173/node_modules/.vite/deps/vue.runtime.esm-bundler-2BtxhwZ0.js?v=91d2e1a0:6734:41 @ http://localhost:5173/src/api/object.ts:84
[   69791ms] [WARNING] The specified value "" does not conform to the required format.  The format is "#rrggbb" where rr, gg, bb are two-digit hexadecimal numbers. @ http://localhost:5173/node_modules/.vite/deps/vue.runtime.esm-bundler-2BtxhwZ0.js?v=91d2e1a0:8108
[   69795ms] [ERROR] API Error: Error: pywebview is not registered
    at updateObject (http://localhost:5173/src/api/object.ts:83:10)
    at callApi (http://localhost:5173/src/composables/useApi.ts:10:25)
    at updateObject (http://localhost:5173/src/composables/useApi.ts:24:44)
    at updateObjectInBackend (http://localhost:5173/src/components/List/List.vue:97:25)
    at Proxy.changeDash (http://localhost:5173/src/components/List/List.vue:67:27)
    at onUpdate:modelValue (http://localhost:5173/src/components/List/List.vue:493:33)
    at callWithErrorHandling (http://localhost:5173/node_modules/.vite/deps/vue.runtime.esm-bundler-2BtxhwZ0.js?v=91d2e1a0:1865:17)
    at callWithAsyncErrorHandling (http://localhost:5173/node_modules/.vite/deps/vue.runtime.esm-bundler-2BtxhwZ0.js?v=91d2e1a0:1872:15)
    at emit (http://localhost:5173/node_modules/.vite/deps/vue.runtime.esm-bundler-2BtxhwZ0.js?v=91d2e1a0:4569:15)
    at http://localhost:5173/node_modules/.vite/deps/vue.runtime.esm-bundler-2BtxhwZ0.js?v=91d2e1a0:6734:41 @ http://localhost:5173/src/composables/useApi.ts:13
[   69801ms] Error: pywebview is not registered
    at updateObject (http://localhost:5173/src/api/object.ts:83:10)
    at callApi (http://localhost:5173/src/composables/useApi.ts:10:25)
    at updateObject (http://localhost:5173/src/composables/useApi.ts:24:44)
    at updateObjectInBackend (http://localhost:5173/src/components/List/List.vue:97:25)
    at Proxy.changeDash (http://localhost:5173/src/components/List/List.vue:67:27)
    at onUpdate:modelValue (http://localhost:5173/src/components/List/List.vue:493:33)
    at callWithErrorHandling (http://localhost:5173/node_modules/.vite/deps/vue.runtime.esm-bundler-2BtxhwZ0.js?v=91d2e1a0:1865:17)
    at callWithAsyncErrorHandling (http://localhost:5173/node_modules/.vite/deps/vue.runtime.esm-bundler-2BtxhwZ0.js?v=91d2e1a0:1872:15)
    at emit (http://localhost:5173/node_modules/.vite/deps/vue.runtime.esm-bundler-2BtxhwZ0.js?v=91d2e1a0:4569:15)
    at http://localhost:5173/node_modules/.vite/deps/vue.runtime.esm-bundler-2BtxhwZ0.js?v=91d2e1a0:6734:41
[   69801ms] [ERROR] API Error: Error: pywebview is not registered
    at updateObject (http://localhost:5173/src/api/object.ts:83:10)
    at callApi (http://localhost:5173/src/composables/useApi.ts:10:25)
    at updateObject (http://localhost:5173/src/composables/useApi.ts:24:44)
    at updateObjectInBackend (http://localhost:5173/src/components/List/List.vue:97:25)
    at Proxy.changeDash (http://localhost:5173/src/components/List/List.vue:67:27)
    at onUpdate:modelValue (http://localhost:5173/src/components/List/List.vue:493:33)
    at callWithErrorHandling (http://localhost:5173/node_modules/.vite/deps/vue.runtime.esm-bundler-2BtxhwZ0.js?v=91d2e1a0:1865:17)
    at callWithAsyncErrorHandling (http://localhost:5173/node_modules/.vite/deps/vue.runtime.esm-bundler-2BtxhwZ0.js?v=91d2e1a0:1872:15)
    at emit (http://localhost:5173/node_modules/.vite/deps/vue.runtime.esm-bundler-2BtxhwZ0.js?v=91d2e1a0:4569:15)
    at http://localhost:5173/node_modules/.vite/deps/vue.runtime.esm-bundler-2BtxhwZ0.js?v=91d2e1a0:6734:41 @ http://localhost:5173/src/api/object.ts:84
[   69805ms] [WARNING] The specified value "" does not conform to the required format.  The format is "#rrggbb" where rr, gg, bb are two-digit hexadecimal numbers. @ http://localhost:5173/node_modules/.vite/deps/vue.runtime.esm-bundler-2BtxhwZ0.js?v=91d2e1a0:8108
[   69807ms] [ERROR] API Error: Error: pywebview is not registered
    at updateObject (http://localhost:5173/src/api/object.ts:83:10)
    at callApi (http://localhost:5173/src/composables/useApi.ts:10:25)
    at updateObject (http://localhost:5173/src/composables/useApi.ts:24:44)
    at updateObjectInBackend (http://localhost:5173/src/components/List/List.vue:97:25)
    at Proxy.changeDash (http://localhost:5173/src/components/List/List.vue:67:27)
    at onUpdate:modelValue (http://localhost:5173/src/components/List/List.vue:493:33)
    at callWithErrorHandling (http://localhost:5173/node_modules/.vite/deps/vue.runtime.esm-bundler-2BtxhwZ0.js?v=91d2e1a0:1865:17)
    at callWithAsyncErrorHandling (http://localhost:5173/node_modules/.vite/deps/vue.runtime.esm-bundler-2BtxhwZ0.js?v=91d2e1a0:1872:15)
    at emit (http://localhost:5173/node_modules/.vite/deps/vue.runtime.esm-bundler-2BtxhwZ0.js?v=91d2e1a0:4569:15)
    at http://localhost:5173/node_modules/.vite/deps/vue.runtime.esm-bundler-2BtxhwZ0.js?v=91d2e1a0:6734:41 @ http://localhost:5173/src/composables/useApi.ts:13
[   69813ms] Error: pywebview is not registered
    at updateObject (http://localhost:5173/src/api/object.ts:83:10)
    at callApi (http://localhost:5173/src/composables/useApi.ts:10:25)
    at updateObject (http://localhost:5173/src/composables/useApi.ts:24:44)
    at updateObjectInBackend (http://localhost:5173/src/components/List/List.vue:97:25)
    at Proxy.changeDash (http://localhost:5173/src/components/List/List.vue:67:27)
    at onUpdate:modelValue (http://localhost:5173/src/components/List/List.vue:493:33)
    at callWithErrorHandling (http://localhost:5173/node_modules/.vite/deps/vue.runtime.esm-bundler-2BtxhwZ0.js?v=91d2e1a0:1865:17)
    at callWithAsyncErrorHandling (http://localhost:5173/node_modules/.vite/deps/vue.runtime.esm-bundler-2BtxhwZ0.js?v=91d2e1a0:1872:15)
    at emit (http://localhost:5173/node_modules/.vite/deps/vue.runtime.esm-bundler-2BtxhwZ0.js?v=91d2e1a0:4569:15)
    at http://localhost:5173/node_modules/.vite/deps/vue.runtime.esm-bundler-2BtxhwZ0.js?v=91d2e1a0:6734:41
[   69814ms] [ERROR] API Error: Error: pywebview is not registered
    at updateObject (http://localhost:5173/src/api/object.ts:83:10)
    at callApi (http://localhost:5173/src/composables/useApi.ts:10:25)
    at updateObject (http://localhost:5173/src/composables/useApi.ts:24:44)
    at updateObjectInBackend (http://localhost:5173/src/components/List/List.vue:97:25)
    at Proxy.changeDash (http://localhost:5173/src/components/List/List.vue:67:27)
    at onUpdate:modelValue (http://localhost:5173/src/components/List/List.vue:493:33)
    at callWithErrorHandling (http://localhost:5173/node_modules/.vite/deps/vue.runtime.esm-bundler-2BtxhwZ0.js?v=91d2e1a0:1865:17)
    at callWithAsyncErrorHandling (http://localhost:5173/node_modules/.vite/deps/vue.runtime.esm-bundler-2BtxhwZ0.js?v=91d2e1a0:1872:15)
    at emit (http://localhost:5173/node_modules/.vite/deps/vue.runtime.esm-bundler-2BtxhwZ0.js?v=91d2e1a0:4569:15)
    at http://localhost:5173/node_modules/.vite/deps/vue.runtime.esm-bundler-2BtxhwZ0.js?v=91d2e1a0:6734:41 @ http://localhost:5173/src/api/object.ts:84
[   69820ms] [WARNING] The specified value "" does not conform to the required format.  The format is "#rrggbb" where rr, gg, bb are two-digit hexadecimal numbers. @ http://localhost:5173/node_modules/.vite/deps/vue.runtime.esm-bundler-2BtxhwZ0.js?v=91d2e1a0:8108
[   69823ms] [ERROR] API Error: Error: pywebview is not registered
    at updateObject (http://localhost:5173/src/api/object.ts:83:10)
    at callApi (http://localhost:5173/src/composables/useApi.ts:10:25)
    at updateObject (http://localhost:5173/src/composables/useApi.ts:24:44)
    at updateObjectInBackend (http://localhost:5173/src/components/List/List.vue:97:25)
    at Proxy.changeDash (http://localhost:5173/src/components/List/List.vue:67:27)
    at onUpdate:modelValue (http://localhost:5173/src/components/List/List.vue:493:33)
    at callWithErrorHandling (http://localhost:5173/node_modules/.vite/deps/vue.runtime.esm-bundler-2BtxhwZ0.js?v=91d2e1a0:1865:17)
    at callWithAsyncErrorHandling (http://localhost:5173/node_modules/.vite/deps/vue.runtime.esm-bundler-2BtxhwZ0.js?v=91d2e1a0:1872:15)
    at emit (http://localhost:5173/node_modules/.vite/deps/vue.runtime.esm-bundler-2BtxhwZ0.js?v=91d2e1a0:4569:15)
    at http://localhost:5173/node_modules/.vite/deps/vue.runtime.esm-bundler-2BtxhwZ0.js?v=91d2e1a0:6734:41 @ http://localhost:5173/src/composables/useApi.ts:13
[   69829ms] Error: pywebview is not registered
    at updateObject (http://localhost:5173/src/api/object.ts:83:10)
    at callApi (http://localhost:5173/src/composables/useApi.ts:10:25)
    at updateObject (http://localhost:5173/src/composables/useApi.ts:24:44)
    at updateObjectInBackend (http://localhost:5173/src/components/List/List.vue:97:25)
    at Proxy.changeDash (http://localhost:5173/src/components/List/List.vue:67:27)
    at onUpdate:modelValue (http://localhost:5173/src/components/List/List.vue:493:33)
    at callWithErrorHandling (http://localhost:5173/node_modules/.vite/deps/vue.runtime.esm-bundler-2BtxhwZ0.js?v=91d2e1a0:1865:17)
    at callWithAsyncErrorHandling (http://localhost:5173/node_modules/.vite/deps/vue.runtime.esm-bundler-2BtxhwZ0.js?v=91d2e1a0:1872:15)
    at emit (http://localhost:5173/node_modules/.vite/deps/vue.runtime.esm-bundler-2BtxhwZ0.js?v=91d2e1a0:4569:15)
    at http://localhost:5173/node_modules/.vite/deps/vue.runtime.esm-bundler-2BtxhwZ0.js?v=91d2e1a0:6734:41
[   69829ms] [ERROR] API Error: Error: pywebview is not registered
    at updateObject (http://localhost:5173/src/api/object.ts:83:10)
    at callApi (http://localhost:5173/src/composables/useApi.ts:10:25)
    at updateObject (http://localhost:5173/src/composables/useApi.ts:24:44)
    at updateObjectInBackend (http://localhost:5173/src/components/List/List.vue:97:25)
    at Proxy.changeDash (http://localhost:5173/src/components/List/List.vue:67:27)
    at onUpdate:modelValue (http://localhost:5173/src/components/List/List.vue:493:33)
    at callWithErrorHandling (http://localhost:5173/node_modules/.vite/deps/vue.runtime.esm-bundler-2BtxhwZ0.js?v=91d2e1a0:1865:17)
    at callWithAsyncErrorHandling (http://localhost:5173/node_modules/.vite/deps/vue.runtime.esm-bundler-2BtxhwZ0.js?v=91d2e1a0:1872:15)
    at emit (http://localhost:5173/node_modules/.vite/deps/vue.runtime.esm-bundler-2BtxhwZ0.js?v=91d2e1a0:4569:15)
    at http://localhost:5173/node_modules/.vite/deps/vue.runtime.esm-bundler-2BtxhwZ0.js?v=91d2e1a0:6734:41 @ http://localhost:5173/src/api/object.ts:84
[   69833ms] [WARNING] The specified value "" does not conform to the required format.  The format is "#rrggbb" where rr, gg, bb are two-digit hexadecimal numbers. @ http://localhost:5173/node_modules/.vite/deps/vue.runtime.esm-bundler-2BtxhwZ0.js?v=91d2e1a0:8108
[   69836ms] [ERROR] API Error: Error: pywebview is not registered
    at updateObject (http://localhost:5173/src/api/object.ts:83:10)
    at callApi (http://localhost:5173/src/composables/useApi.ts:10:25)
    at updateObject (http://localhost:5173/src/composables/useApi.ts:24:44)
    at updateObjectInBackend (http://localhost:5173/src/components/List/List.vue:97:25)
    at Proxy.changeDash (http://localhost:5173/src/components/List/List.vue:67:27)
    at onUpdate:modelValue (http://localhost:5173/src/components/List/List.vue:493:33)
    at callWithErrorHandling (http://localhost:5173/node_modules/.vite/deps/vue.runtime.esm-bundler-2BtxhwZ0.js?v=91d2e1a0:1865:17)
    at callWithAsyncErrorHandling (http://localhost:5173/node_modules/.vite/deps/vue.runtime.esm-bundler-2BtxhwZ0.js?v=91d2e1a0:1872:15)
    at emit (http://localhost:5173/node_modules/.vite/deps/vue.runtime.esm-bundler-2BtxhwZ0.js?v=91d2e1a0:4569:15)
    at http://localhost:5173/node_modules/.vite/deps/vue.runtime.esm-bundler-2BtxhwZ0.js?v=91d2e1a0:6734:41 @ http://localhost:5173/src/composables/useApi.ts:13
[   69841ms] [ERROR] API Error: Error: pywebview is not registered
    at updateObject (http://localhost:5173/src/api/object.ts:83:10)
    at callApi (http://localhost:5173/src/composables/useApi.ts:10:25)
    at updateObject (http://localhost:5173/src/composables/useApi.ts:24:44)
    at updateObjectInBackend (http://localhost:5173/src/components/List/List.vue:97:25)
    at Proxy.changeDash (http://localhost:5173/src/components/List/List.vue:67:27)
    at onUpdate:modelValue (http://localhost:5173/src/components/List/List.vue:493:33)
    at callWithErrorHandling (http://localhost:5173/node_modules/.vite/deps/vue.runtime.esm-bundler-2BtxhwZ0.js?v=91d2e1a0:1865:17)
    at callWithAsyncErrorHandling (http://localhost:5173/node_modules/.vite/deps/vue.runtime.esm-bundler-2BtxhwZ0.js?v=91d2e1a0:1872:15)
    at emit (http://localhost:5173/node_modules/.vite/deps/vue.runtime.esm-bundler-2BtxhwZ0.js?v=91d2e1a0:4569:15)
    at http://localhost:5173/node_modules/.vite/deps/vue.runtime.esm-bundler-2BtxhwZ0.js?v=91d2e1a0:6734:41 @ http://localhost:5173/src/api/object.ts:84
[   69847ms] [WARNING] The specified value "" does not conform to the required format.  The format is "#rrggbb" where rr, gg, bb are two-digit hexadecimal numbers. @ http://localhost:5173/node_modules/.vite/deps/vue.runtime.esm-bundler-2BtxhwZ0.js?v=91d2e1a0:8108
[   69849ms] [ERROR] API Error: Error: pywebview is not registered
    at updateObject (http://localhost:5173/src/api/object.ts:83:10)
    at callApi (http://localhost:5173/src/composables/useApi.ts:10:25)
    at updateObject (http://localhost:5173/src/composables/useApi.ts:24:44)
    at updateObjectInBackend (http://localhost:5173/src/components/List/List.vue:97:25)
    at Proxy.changeDash (http://localhost:5173/src/components/List/List.vue:67:27)
    at onUpdate:modelValue (http://localhost:5173/src/components/List/List.vue:493:33)
    at callWithErrorHandling (http://localhost:5173/node_modules/.vite/deps/vue.runtime.esm-bundler-2BtxhwZ0.js?v=91d2e1a0:1865:17)
    at callWithAsyncErrorHandling (http://localhost:5173/node_modules/.vite/deps/vue.runtime.esm-bundler-2BtxhwZ0.js?v=91d2e1a0:1872:15)
    at emit (http://localhost:5173/node_modules/.vite/deps/vue.runtime.esm-bundler-2BtxhwZ0.js?v=91d2e1a0:4569:15)
    at http://localhost:5173/node_modules/.vite/deps/vue.runtime.esm-bundler-2BtxhwZ0.js?v=91d2e1a0:6734:41 @ http://localhost:5173/src/composables/useApi.ts:13
[   69856ms] Error: pywebview is not registered
    at updateObject (http://localhost:5173/src/api/object.ts:83:10)
    at callApi (http://localhost:5173/src/composables/useApi.ts:10:25)
    at updateObject (http://localhost:5173/src/composables/useApi.ts:24:44)
    at updateObjectInBackend (http://localhost:5173/src/components/List/List.vue:97:25)
    at Proxy.changeDash (http://localhost:5173/src/components/List/List.vue:67:27)
    at onUpdate:modelValue (http://localhost:5173/src/components/List/List.vue:493:33)
    at callWithErrorHandling (http://localhost:5173/node_modules/.vite/deps/vue.runtime.esm-bundler-2BtxhwZ0.js?v=91d2e1a0:1865:17)
    at callWithAsyncErrorHandling (http://localhost:5173/node_modules/.vite/deps/vue.runtime.esm-bundler-2BtxhwZ0.js?v=91d2e1a0:1872:15)
    at emit (http://localhost:5173/node_modules/.vite/deps/vue.runtime.esm-bundler-2BtxhwZ0.js?v=91d2e1a0:4569:15)
    at http://localhost:5173/node_modules/.vite/deps/vue.runtime.esm-bundler-2BtxhwZ0.js?v=91d2e1a0:6734:41
[   69855ms] [ERROR] API Error: Error: pywebview is not registered
    at updateObject (http://localhost:5173/src/api/object.ts:83:10)
    at callApi (http://localhost:5173/src/composables/useApi.ts:10:25)
    at updateObject (http://localhost:5173/src/composables/useApi.ts:24:44)
    at updateObjectInBackend (http://localhost:5173/src/components/List/List.vue:97:25)
    at Proxy.changeDash (http://localhost:5173/src/components/List/List.vue:67:27)
    at onUpdate:modelValue (http://localhost:5173/src/components/List/List.vue:493:33)
    at callWithErrorHandling (http://localhost:5173/node_modules/.vite/deps/vue.runtime.esm-bundler-2BtxhwZ0.js?v=91d2e1a0:1865:17)
    at callWithAsyncErrorHandling (http://localhost:5173/node_modules/.vite/deps/vue.runtime.esm-bundler-2BtxhwZ0.js?v=91d2e1a0:1872:15)
    at emit (http://localhost:5173/node_modules/.vite/deps/vue.runtime.esm-bundler-2BtxhwZ0.js?v=91d2e1a0:4569:15)
    at http://localhost:5173/node_modules/.vite/deps/vue.runtime.esm-bundler-2BtxhwZ0.js?v=91d2e1a0:6734:41 @ http://localhost:5173/src/api/object.ts:84
[   69860ms] [WARNING] The specified value "" does not conform to the required format.  The format is "#rrggbb" where rr, gg, bb are two-digit hexadecimal numbers. @ http://localhost:5173/node_modules/.vite/deps/vue.runtime.esm-bundler-2BtxhwZ0.js?v=91d2e1a0:8108
[   69862ms] [ERROR] API Error: Error: pywebview is not registered
    at updateObject (http://localhost:5173/src/api/object.ts:83:10)
    at callApi (http://localhost:5173/src/composables/useApi.ts:10:25)
    at updateObject (http://localhost:5173/src/composables/useApi.ts:24:44)
    at updateObjectInBackend (http://localhost:5173/src/components/List/List.vue:97:25)
    at Proxy.changeDash (http://localhost:5173/src/components/List/List.vue:67:27)
    at onUpdate:modelValue (http://localhost:5173/src/components/List/List.vue:493:33)
    at callWithErrorHandling (http://localhost:5173/node_modules/.vite/deps/vue.runtime.esm-bundler-2BtxhwZ0.js?v=91d2e1a0:1865:17)
    at callWithAsyncErrorHandling (http://localhost:5173/node_modules/.vite/deps/vue.runtime.esm-bundler-2BtxhwZ0.js?v=91d2e1a0:1872:15)
    at emit (http://localhost:5173/node_modules/.vite/deps/vue.runtime.esm-bundler-2BtxhwZ0.js?v=91d2e1a0:4569:15)
    at http://localhost:5173/node_modules/.vite/deps/vue.runtime.esm-bundler-2BtxhwZ0.js?v=91d2e1a0:6734:41 @ http://localhost:5173/src/composables/useApi.ts:13
[   69874ms] Error: pywebview is not registered
    at updateObject (http://localhost:5173/src/api/object.ts:83:10)
    at callApi (http://localhost:5173/src/composables/useApi.ts:10:25)
    at updateObject (http://localhost:5173/src/composables/useApi.ts:24:44)
    at updateObjectInBackend (http://localhost:5173/src/components/List/List.vue:97:25)
    at Proxy.changeDash (http://localhost:5173/src/components/List/List.vue:67:27)
    at onUpdate:modelValue (http://localhost:5173/src/components/List/List.vue:493:33)
    at callWithErrorHandling (http://localhost:5173/node_modules/.vite/deps/vue.runtime.esm-bundler-2BtxhwZ0.js?v=91d2e1a0:1865:17)
    at callWithAsyncErrorHandling (http://localhost:5173/node_modules/.vite/deps/vue.runtime.esm-bundler-2BtxhwZ0.js?v=91d2e1a0:1872:15)
    at emit (http://localhost:5173/node_modules/.vite/deps/vue.runtime.esm-bundler-2BtxhwZ0.js?v=91d2e1a0:4569:15)
    at http://localhost:5173/node_modules/.vite/deps/vue.runtime.esm-bundler-2BtxhwZ0.js?v=91d2e1a0:6734:41
[   69869ms] [ERROR] API Error: Error: pywebview is not registered
    at updateObject (http://localhost:5173/src/api/object.ts:83:10)
    at callApi (http://localhost:5173/src/composables/useApi.ts:10:25)
    at updateObject (http://localhost:5173/src/composables/useApi.ts:24:44)
    at updateObjectInBackend (http://localhost:5173/src/components/List/List.vue:97:25)
    at Proxy.changeDash (http://localhost:5173/src/components/List/List.vue:67:27)
    at onUpdate:modelValue (http://localhost:5173/src/components/List/List.vue:493:33)
    at callWithErrorHandling (http://localhost:5173/node_modules/.vite/deps/vue.runtime.esm-bundler-2BtxhwZ0.js?v=91d2e1a0:1865:17)
    at callWithAsyncErrorHandling (http://localhost:5173/node_modules/.vite/deps/vue.runtime.esm-bundler-2BtxhwZ0.js?v=91d2e1a0:1872:15)
    at emit (http://localhost:5173/node_modules/.vite/deps/vue.runtime.esm-bundler-2BtxhwZ0.js?v=91d2e1a0:4569:15)
    at http://localhost:5173/node_modules/.vite/deps/vue.runtime.esm-bundler-2BtxhwZ0.js?v=91d2e1a0:6734:41 @ http://localhost:5173/src/api/object.ts:84
[   69875ms] [WARNING] The specified value "" does not conform to the required format.  The format is "#rrggbb" where rr, gg, bb are two-digit hexadecimal numbers. @ http://localhost:5173/node_modules/.vite/deps/vue.runtime.esm-bundler-2BtxhwZ0.js?v=91d2e1a0:8108
[   69877ms] [ERROR] API Error: Error: pywebview is not registered
    at updateObject (http://localhost:5173/src/api/object.ts:83:10)
    at callApi (http://localhost:5173/src/composables/useApi.ts:10:25)
    at updateObject (http://localhost:5173/src/composables/useApi.ts:24:44)
    at updateObjectInBackend (http://localhost:5173/src/components/List/List.vue:97:25)
    at Proxy.changeDash (http://localhost:5173/src/components/List/List.vue:67:27)
    at onUpdate:modelValue (http://localhost:5173/src/components/List/List.vue:493:33)
    at callWithErrorHandling (http://localhost:5173/node_modules/.vite/deps/vue.runtime.esm-bundler-2BtxhwZ0.js?v=91d2e1a0:1865:17)
    at callWithAsyncErrorHandling (http://localhost:5173/node_modules/.vite/deps/vue.runtime.esm-bundler-2BtxhwZ0.js?v=91d2e1a0:1872:15)
    at emit (http://localhost:5173/node_modules/.vite/deps/vue.runtime.esm-bundler-2BtxhwZ0.js?v=91d2e1a0:4569:15)
    at http://localhost:5173/node_modules/.vite/deps/vue.runtime.esm-bundler-2BtxhwZ0.js?v=91d2e1a0:6734:41 @ http://localhost:5173/src/composables/useApi.ts:13
[   69895ms] Error: pywebview is not registered
    at updateObject (http://localhost:5173/src/api/object.ts:83:10)
    at callApi (http://localhost:5173/src/composables/useApi.ts:10:25)
    at updateObject (http://localhost:5173/src/composables/useApi.ts:24:44)
    at updateObjectInBackend (http://localhost:5173/src/components/List/List.vue:97:25)
    at Proxy.changeDash (http://localhost:5173/src/components/List/List.vue:67:27)
    at onUpdate:modelValue (http://localhost:5173/src/components/List/List.vue:493:33)
    at callWithErrorHandling (http://localhost:5173/node_modules/.vite/deps/vue.runtime.esm-bundler-2BtxhwZ0.js?v=91d2e1a0:1865:17)
    at callWithAsyncErrorHandling (http://localhost:5173/node_modules/.vite/deps/vue.runtime.esm-bundler-2BtxhwZ0.js?v=91d2e1a0:1872:15)
    at emit (http://localhost:5173/node_modules/.vite/deps/vue.runtime.esm-bundler-2BtxhwZ0.js?v=91d2e1a0:4569:15)
    at http://localhost:5173/node_modules/.vite/deps/vue.runtime.esm-bundler-2BtxhwZ0.js?v=91d2e1a0:6734:41
[   69896ms] Error: pywebview is not registered
    at updateObject (http://localhost:5173/src/api/object.ts:83:10)
    at callApi (http://localhost:5173/src/composables/useApi.ts:10:25)
    at updateObject (http://localhost:5173/src/composables/useApi.ts:24:44)
    at updateObjectInBackend (http://localhost:5173/src/components/List/List.vue:97:25)
    at Proxy.changeDash (http://localhost:5173/src/components/List/List.vue:67:27)
    at onUpdate:modelValue (http://localhost:5173/src/components/List/List.vue:493:33)
    at callWithErrorHandling (http://localhost:5173/node_modules/.vite/deps/vue.runtime.esm-bundler-2BtxhwZ0.js?v=91d2e1a0:1865:17)
    at callWithAsyncErrorHandling (http://localhost:5173/node_modules/.vite/deps/vue.runtime.esm-bundler-2BtxhwZ0.js?v=91d2e1a0:1872:15)
    at emit (http://localhost:5173/node_modules/.vite/deps/vue.runtime.esm-bundler-2BtxhwZ0.js?v=91d2e1a0:4569:15)
    at http://localhost:5173/node_modules/.vite/deps/vue.runtime.esm-bundler-2BtxhwZ0.js?v=91d2e1a0:6734:41
[   69883ms] [ERROR] API Error: Error: pywebview is not registered
    at updateObject (http://localhost:5173/src/api/object.ts:83:10)
    at callApi (http://localhost:5173/src/composables/useApi.ts:10:25)
    at updateObject (http://localhost:5173/src/composables/useApi.ts:24:44)
    at updateObjectInBackend (http://localhost:5173/src/components/List/List.vue:97:25)
    at Proxy.changeDash (http://localhost:5173/src/components/List/List.vue:67:27)
    at onUpdate:modelValue (http://localhost:5173/src/components/List/List.vue:493:33)
    at callWithErrorHandling (http://localhost:5173/node_modules/.vite/deps/vue.runtime.esm-bundler-2BtxhwZ0.js?v=91d2e1a0:1865:17)
    at callWithAsyncErrorHandling (http://localhost:5173/node_modules/.vite/deps/vue.runtime.esm-bundler-2BtxhwZ0.js?v=91d2e1a0:1872:15)
    at emit (http://localhost:5173/node_modules/.vite/deps/vue.runtime.esm-bundler-2BtxhwZ0.js?v=91d2e1a0:4569:15)
    at http://localhost:5173/node_modules/.vite/deps/vue.runtime.esm-bundler-2BtxhwZ0.js?v=91d2e1a0:6734:41 @ http://localhost:5173/src/api/object.ts:84
[   69888ms] [WARNING] The specified value "" does not conform to the required format.  The format is "#rrggbb" where rr, gg, bb are two-digit hexadecimal numbers. @ http://localhost:5173/node_modules/.vite/deps/vue.runtime.esm-bundler-2BtxhwZ0.js?v=91d2e1a0:8108
[   69891ms] [ERROR] API Error: Error: pywebview is not registered
    at updateObject (http://localhost:5173/src/api/object.ts:83:10)
    at callApi (http://localhost:5173/src/composables/useApi.ts:10:25)
    at updateObject (http://localhost:5173/src/composables/useApi.ts:24:44)
    at updateObjectInBackend (http://localhost:5173/src/components/List/List.vue:97:25)
    at Proxy.changeDash (http://localhost:5173/src/components/List/List.vue:67:27)
    at onUpdate:modelValue (http://localhost:5173/src/components/List/List.vue:493:33)
    at callWithErrorHandling (http://localhost:5173/node_modules/.vite/deps/vue.runtime.esm-bundler-2BtxhwZ0.js?v=91d2e1a0:1865:17)
    at callWithAsyncErrorHandling (http://localhost:5173/node_modules/.vite/deps/vue.runtime.esm-bundler-2BtxhwZ0.js?v=91d2e1a0:1872:15)
    at emit (http://localhost:5173/node_modules/.vite/deps/vue.runtime.esm-bundler-2BtxhwZ0.js?v=91d2e1a0:4569:15)
    at http://localhost:5173/node_modules/.vite/deps/vue.runtime.esm-bundler-2BtxhwZ0.js?v=91d2e1a0:6734:41 @ http://localhost:5173/src/composables/useApi.ts:13
[   69908ms] Error: pywebview is not registered
    at updateObject (http://localhost:5173/src/api/object.ts:83:10)
    at callApi (http://localhost:5173/src/composables/useApi.ts:10:25)
    at updateObject (http://localhost:5173/src/composables/useApi.ts:24:44)
    at updateObjectInBackend (http://localhost:5173/src/components/List/List.vue:97:25)
    at Proxy.changeDash (http://localhost:5173/src/components/List/List.vue:67:27)
    at onUpdate:modelValue (http://localhost:5173/src/components/List/List.vue:493:33)
    at callWithErrorHandling (http://localhost:5173/node_modules/.vite/deps/vue.runtime.esm-bundler-2BtxhwZ0.js?v=91d2e1a0:1865:17)
    at callWithAsyncErrorHandling (http://localhost:5173/node_modules/.vite/deps/vue.runtime.esm-bundler-2BtxhwZ0.js?v=91d2e1a0:1872:15)
    at emit (http://localhost:5173/node_modules/.vite/deps/vue.runtime.esm-bundler-2BtxhwZ0.js?v=91d2e1a0:4569:15)
    at http://localhost:5173/node_modules/.vite/deps/vue.runtime.esm-bundler-2BtxhwZ0.js?v=91d2e1a0:6734:41
[   69898ms] [ERROR] API Error: Error: pywebview is not registered
    at updateObject (http://localhost:5173/src/api/object.ts:83:10)
    at callApi (http://localhost:5173/src/composables/useApi.ts:10:25)
    at updateObject (http://localhost:5173/src/composables/useApi.ts:24:44)
    at updateObjectInBackend (http://localhost:5173/src/components/List/List.vue:97:25)
    at Proxy.changeDash (http://localhost:5173/src/components/List/List.vue:67:27)
    at onUpdate:modelValue (http://localhost:5173/src/components/List/List.vue:493:33)
    at callWithErrorHandling (http://localhost:5173/node_modules/.vite/deps/vue.runtime.esm-bundler-2BtxhwZ0.js?v=91d2e1a0:1865:17)
    at callWithAsyncErrorHandling (http://localhost:5173/node_modules/.vite/deps/vue.runtime.esm-bundler-2BtxhwZ0.js?v=91d2e1a0:1872:15)
    at emit (http://localhost:5173/node_modules/.vite/deps/vue.runtime.esm-bundler-2BtxhwZ0.js?v=91d2e1a0:4569:15)
    at http://localhost:5173/node_modules/.vite/deps/vue.runtime.esm-bundler-2BtxhwZ0.js?v=91d2e1a0:6734:41 @ http://localhost:5173/src/api/object.ts:84
[   69904ms] [WARNING] The specified value "" does not conform to the required format.  The format is "#rrggbb" where rr, gg, bb are two-digit hexadecimal numbers. @ http://localhost:5173/node_modules/.vite/deps/vue.runtime.esm-bundler-2BtxhwZ0.js?v=91d2e1a0:8108
[   69906ms] [ERROR] API Error: Error: pywebview is not registered
    at updateObject (http://localhost:5173/src/api/object.ts:83:10)
    at callApi (http://localhost:5173/src/composables/useApi.ts:10:25)
    at updateObject (http://localhost:5173/src/composables/useApi.ts:24:44)
    at updateObjectInBackend (http://localhost:5173/src/components/List/List.vue:97:25)
    at Proxy.changeDash (http://localhost:5173/src/components/List/List.vue:67:27)
    at onUpdate:modelValue (http://localhost:5173/src/components/List/List.vue:493:33)
    at callWithErrorHandling (http://localhost:5173/node_modules/.vite/deps/vue.runtime.esm-bundler-2BtxhwZ0.js?v=91d2e1a0:1865:17)
    at callWithAsyncErrorHandling (http://localhost:5173/node_modules/.vite/deps/vue.runtime.esm-bundler-2BtxhwZ0.js?v=91d2e1a0:1872:15)
    at emit (http://localhost:5173/node_modules/.vite/deps/vue.runtime.esm-bundler-2BtxhwZ0.js?v=91d2e1a0:4569:15)
    at http://localhost:5173/node_modules/.vite/deps/vue.runtime.esm-bundler-2BtxhwZ0.js?v=91d2e1a0:6734:41 @ http://localhost:5173/src/composables/useApi.ts:13
[   69919ms] Error: pywebview is not registered
    at updateObject (http://localhost:5173/src/api/object.ts:83:10)
    at callApi (http://localhost:5173/src/composables/useApi.ts:10:25)
    at updateObject (http://localhost:5173/src/composables/useApi.ts:24:44)
    at updateObjectInBackend (http://localhost:5173/src/components/List/List.vue:97:25)
    at Proxy.changeDash (http://localhost:5173/src/components/List/List.vue:67:27)
    at onUpdate:modelValue (http://localhost:5173/src/components/List/List.vue:493:33)
    at callWithErrorHandling (http://localhost:5173/node_modules/.vite/deps/vue.runtime.esm-bundler-2BtxhwZ0.js?v=91d2e1a0:1865:17)
    at callWithAsyncErrorHandling (http://localhost:5173/node_modules/.vite/deps/vue.runtime.esm-bundler-2BtxhwZ0.js?v=91d2e1a0:1872:15)
    at emit (http://localhost:5173/node_modules/.vite/deps/vue.runtime.esm-bundler-2BtxhwZ0.js?v=91d2e1a0:4569:15)
    at http://localhost:5173/node_modules/.vite/deps/vue.runtime.esm-bundler-2BtxhwZ0.js?v=91d2e1a0:6734:41
[   69913ms] [ERROR] API Error: Error: pywebview is not registered
    at updateObject (http://localhost:5173/src/api/object.ts:83:10)
    at callApi (http://localhost:5173/src/composables/useApi.ts:10:25)
    at updateObject (http://localhost:5173/src/composables/useApi.ts:24:44)
    at updateObjectInBackend (http://localhost:5173/src/components/List/List.vue:97:25)
    at Proxy.changeDash (http://localhost:5173/src/components/List/List.vue:67:27)
    at onUpdate:modelValue (http://localhost:5173/src/components/List/List.vue:493:33)
    at callWithErrorHandling (http://localhost:5173/node_modules/.vite/deps/vue.runtime.esm-bundler-2BtxhwZ0.js?v=91d2e1a0:1865:17)
    at callWithAsyncErrorHandling (http://localhost:5173/node_modules/.vite/deps/vue.runtime.esm-bundler-2BtxhwZ0.js?v=91d2e1a0:1872:15)
    at emit (http://localhost:5173/node_modules/.vite/deps/vue.runtime.esm-bundler-2BtxhwZ0.js?v=91d2e1a0:4569:15)
    at http://localhost:5173/node_modules/.vite/deps/vue.runtime.esm-bundler-2BtxhwZ0.js?v=91d2e1a0:6734:41 @ http://localhost:5173/src/api/object.ts:84
[   69917ms] [WARNING] The specified value "" does not conform to the required format.  The format is "#rrggbb" where rr, gg, bb are two-digit hexadecimal numbers. @ http://localhost:5173/node_modules/.vite/deps/vue.runtime.esm-bundler-2BtxhwZ0.js?v=91d2e1a0:8108
[   69919ms] [ERROR] API Error: Error: pywebview is not registered
    at updateObject (http://localhost:5173/src/api/object.ts:83:10)
    at callApi (http://localhost:5173/src/composables/useApi.ts:10:25)
    at updateObject (http://localhost:5173/src/composables/useApi.ts:24:44)
    at updateObjectInBackend (http://localhost:5173/src/components/List/List.vue:97:25)
    at Proxy.changeDash (http://localhost:5173/src/components/List/List.vue:67:27)
    at onUpdate:modelValue (http://localhost:5173/src/components/List/List.vue:493:33)
    at callWithErrorHandling (http://localhost:5173/node_modules/.vite/deps/vue.runtime.esm-bundler-2BtxhwZ0.js?v=91d2e1a0:1865:17)
    at callWithAsyncErrorHandling (http://localhost:5173/node_modules/.vite/deps/vue.runtime.esm-bundler-2BtxhwZ0.js?v=91d2e1a0:1872:15)
    at emit (http://localhost:5173/node_modules/.vite/deps/vue.runtime.esm-bundler-2BtxhwZ0.js?v=91d2e1a0:4569:15)
    at http://localhost:5173/node_modules/.vite/deps/vue.runtime.esm-bundler-2BtxhwZ0.js?v=91d2e1a0:6734:41 @ http://localhost:5173/src/composables/useApi.ts:13
[   69932ms] Error: pywebview is not registered
    at updateObject (http://localhost:5173/src/api/object.ts:83:10)
    at callApi (http://localhost:5173/src/composables/useApi.ts:10:25)
    at updateObject (http://localhost:5173/src/composables/useApi.ts:24:44)
    at updateObjectInBackend (http://localhost:5173/src/components/List/List.vue:97:25)
    at Proxy.changeDash (http://localhost:5173/src/components/List/List.vue:67:27)
    at onUpdate:modelValue (http://localhost:5173/src/components/List/List.vue:493:33)
    at callWithErrorHandling (http://localhost:5173/node_modules/.vite/deps/vue.runtime.esm-bundler-2BtxhwZ0.js?v=91d2e1a0:1865:17)
    at callWithAsyncErrorHandling (http://localhost:5173/node_modules/.vite/deps/vue.runtime.esm-bundler-2BtxhwZ0.js?v=91d2e1a0:1872:15)
    at emit (http://localhost:5173/node_modules/.vite/deps/vue.runtime.esm-bundler-2BtxhwZ0.js?v=91d2e1a0:4569:15)
    at http://localhost:5173/node_modules/.vite/deps/vue.runtime.esm-bundler-2BtxhwZ0.js?v=91d2e1a0:6734:41
[   69924ms] [ERROR] API Error: Error: pywebview is not registered
    at updateObject (http://localhost:5173/src/api/object.ts:83:10)
    at callApi (http://localhost:5173/src/composables/useApi.ts:10:25)
    at updateObject (http://localhost:5173/src/composables/useApi.ts:24:44)
    at updateObjectInBackend (http://localhost:5173/src/components/List/List.vue:97:25)
    at Proxy.changeDash (http://localhost:5173/src/components/List/List.vue:67:27)
    at onUpdate:modelValue (http://localhost:5173/src/components/List/List.vue:493:33)
    at callWithErrorHandling (http://localhost:5173/node_modules/.vite/deps/vue.runtime.esm-bundler-2BtxhwZ0.js?v=91d2e1a0:1865:17)
    at callWithAsyncErrorHandling (http://localhost:5173/node_modules/.vite/deps/vue.runtime.esm-bundler-2BtxhwZ0.js?v=91d2e1a0:1872:15)
    at emit (http://localhost:5173/node_modules/.vite/deps/vue.runtime.esm-bundler-2BtxhwZ0.js?v=91d2e1a0:4569:15)
    at http://localhost:5173/node_modules/.vite/deps/vue.runtime.esm-bundler-2BtxhwZ0.js?v=91d2e1a0:6734:41 @ http://localhost:5173/src/api/object.ts:84
[   69928ms] [WARNING] The specified value "" does not conform to the required format.  The format is "#rrggbb" where rr, gg, bb are two-digit hexadecimal numbers. @ http://localhost:5173/node_modules/.vite/deps/vue.runtime.esm-bundler-2BtxhwZ0.js?v=91d2e1a0:8108
[   69930ms] [ERROR] API Error: Error: pywebview is not registered
    at updateObject (http://localhost:5173/src/api/object.ts:83:10)
    at callApi (http://localhost:5173/src/composables/useApi.ts:10:25)
    at updateObject (http://localhost:5173/src/composables/useApi.ts:24:44)
    at updateObjectInBackend (http://localhost:5173/src/components/List/List.vue:97:25)
    at Proxy.changeDash (http://localhost:5173/src/components/List/List.vue:67:27)
    at onUpdate:modelValue (http://localhost:5173/src/components/List/List.vue:493:33)
    at callWithErrorHandling (http://localhost:5173/node_modules/.vite/deps/vue.runtime.esm-bundler-2BtxhwZ0.js?v=91d2e1a0:1865:17)
    at callWithAsyncErrorHandling (http://localhost:5173/node_modules/.vite/deps/vue.runtime.esm-bundler-2BtxhwZ0.js?v=91d2e1a0:1872:15)
    at emit (http://localhost:5173/node_modules/.vite/deps/vue.runtime.esm-bundler-2BtxhwZ0.js?v=91d2e1a0:4569:15)
    at http://localhost:5173/node_modules/.vite/deps/vue.runtime.esm-bundler-2BtxhwZ0.js?v=91d2e1a0:6734:41 @ http://localhost:5173/src/composables/useApi.ts:13
[   69942ms] Error: pywebview is not registered
    at updateObject (http://localhost:5173/src/api/object.ts:83:10)
    at callApi (http://localhost:5173/src/composables/useApi.ts:10:25)
    at updateObject (http://localhost:5173/src/composables/useApi.ts:24:44)
    at updateObjectInBackend (http://localhost:5173/src/components/List/List.vue:97:25)
    at Proxy.changeDash (http://localhost:5173/src/components/List/List.vue:67:27)
    at onUpdate:modelValue (http://localhost:5173/src/components/List/List.vue:493:33)
    at callWithErrorHandling (http://localhost:5173/node_modules/.vite/deps/vue.runtime.esm-bundler-2BtxhwZ0.js?v=91d2e1a0:1865:17)
    at callWithAsyncErrorHandling (http://localhost:5173/node_modules/.vite/deps/vue.runtime.esm-bundler-2BtxhwZ0.js?v=91d2e1a0:1872:15)
    at emit (http://localhost:5173/node_modules/.vite/deps/vue.runtime.esm-bundler-2BtxhwZ0.js?v=91d2e1a0:4569:15)
    at http://localhost:5173/node_modules/.vite/deps/vue.runtime.esm-bundler-2BtxhwZ0.js?v=91d2e1a0:6734:41
[   69987ms] [ERROR] API Error: Error: pywebview is not registered
    at updateObject (http://localhost:5173/src/api/object.ts:83:10)
    at callApi (http://localhost:5173/src/composables/useApi.ts:10:25)
    at updateObject (http://localhost:5173/src/composables/useApi.ts:24:44)
    at updateObjectInBackend (http://localhost:5173/src/components/List/List.vue:97:25)
    at Proxy.changeDash (http://localhost:5173/src/components/List/List.vue:67:27)
    at onUpdate:modelValue (http://localhost:5173/src/components/List/List.vue:493:33)
    at callWithErrorHandling (http://localhost:5173/node_modules/.vite/deps/vue.runtime.esm-bundler-2BtxhwZ0.js?v=91d2e1a0:1865:17)
    at callWithAsyncErrorHandling (http://localhost:5173/node_modules/.vite/deps/vue.runtime.esm-bundler-2BtxhwZ0.js?v=91d2e1a0:1872:15)
    at emit (http://localhost:5173/node_modules/.vite/deps/vue.runtime.esm-bundler-2BtxhwZ0.js?v=91d2e1a0:4569:15)
    at http://localhost:5173/node_modules/.vite/deps/vue.runtime.esm-bundler-2BtxhwZ0.js?v=91d2e1a0:6734:41 @ http://localhost:5173/src/api/object.ts:84
[   69991ms] [WARNING] The specified value "" does not conform to the required format.  The format is "#rrggbb" where rr, gg, bb are two-digit hexadecimal numbers. @ http://localhost:5173/node_modules/.vite/deps/vue.runtime.esm-bundler-2BtxhwZ0.js?v=91d2e1a0:8108
[   69993ms] [ERROR] API Error: Error: pywebview is not registered
    at updateObject (http://localhost:5173/src/api/object.ts:83:10)
    at callApi (http://localhost:5173/src/composables/useApi.ts:10:25)
    at updateObject (http://localhost:5173/src/composables/useApi.ts:24:44)
    at updateObjectInBackend (http://localhost:5173/src/components/List/List.vue:97:25)
    at Proxy.changeDash (http://localhost:5173/src/components/List/List.vue:67:27)
    at onUpdate:modelValue (http://localhost:5173/src/components/List/List.vue:493:33)
    at callWithErrorHandling (http://localhost:5173/node_modules/.vite/deps/vue.runtime.esm-bundler-2BtxhwZ0.js?v=91d2e1a0:1865:17)
    at callWithAsyncErrorHandling (http://localhost:5173/node_modules/.vite/deps/vue.runtime.esm-bundler-2BtxhwZ0.js?v=91d2e1a0:1872:15)
    at emit (http://localhost:5173/node_modules/.vite/deps/vue.runtime.esm-bundler-2BtxhwZ0.js?v=91d2e1a0:4569:15)
    at http://localhost:5173/node_modules/.vite/deps/vue.runtime.esm-bundler-2BtxhwZ0.js?v=91d2e1a0:6734:41 @ http://localhost:5173/src/composables/useApi.ts:13
[   70000ms] Error: pywebview is not registered
    at updateObject (http://localhost:5173/src/api/object.ts:83:10)
    at callApi (http://localhost:5173/src/composables/useApi.ts:10:25)
    at updateObject (http://localhost:5173/src/composables/useApi.ts:24:44)
    at updateObjectInBackend (http://localhost:5173/src/components/List/List.vue:97:25)
    at Proxy.changeDash (http://localhost:5173/src/components/List/List.vue:67:27)
    at onUpdate:modelValue (http://localhost:5173/src/components/List/List.vue:493:33)
    at callWithErrorHandling (http://localhost:5173/node_modules/.vite/deps/vue.runtime.esm-bundler-2BtxhwZ0.js?v=91d2e1a0:1865:17)
    at callWithAsyncErrorHandling (http://localhost:5173/node_modules/.vite/deps/vue.runtime.esm-bundler-2BtxhwZ0.js?v=91d2e1a0:1872:15)
    at emit (http://localhost:5173/node_modules/.vite/deps/vue.runtime.esm-bundler-2BtxhwZ0.js?v=91d2e1a0:4569:15)
    at http://localhost:5173/node_modules/.vite/deps/vue.runtime.esm-bundler-2BtxhwZ0.js?v=91d2e1a0:6734:41
[   70000ms] [ERROR] API Error: Error: pywebview is not registered
    at updateObject (http://localhost:5173/src/api/object.ts:83:10)
    at callApi (http://localhost:5173/src/composables/useApi.ts:10:25)
    at updateObject (http://localhost:5173/src/composables/useApi.ts:24:44)
    at updateObjectInBackend (http://localhost:5173/src/components/List/List.vue:97:25)
    at Proxy.changeDash (http://localhost:5173/src/components/List/List.vue:67:27)
    at onUpdate:modelValue (http://localhost:5173/src/components/List/List.vue:493:33)
    at callWithErrorHandling (http://localhost:5173/node_modules/.vite/deps/vue.runtime.esm-bundler-2BtxhwZ0.js?v=91d2e1a0:1865:17)
    at callWithAsyncErrorHandling (http://localhost:5173/node_modules/.vite/deps/vue.runtime.esm-bundler-2BtxhwZ0.js?v=91d2e1a0:1872:15)
    at emit (http://localhost:5173/node_modules/.vite/deps/vue.runtime.esm-bundler-2BtxhwZ0.js?v=91d2e1a0:4569:15)
    at http://localhost:5173/node_modules/.vite/deps/vue.runtime.esm-bundler-2BtxhwZ0.js?v=91d2e1a0:6734:41 @ http://localhost:5173/src/api/object.ts:84
[   70004ms] [WARNING] The specified value "" does not conform to the required format.  The format is "#rrggbb" where rr, gg, bb are two-digit hexadecimal numbers. @ http://localhost:5173/node_modules/.vite/deps/vue.runtime.esm-bundler-2BtxhwZ0.js?v=91d2e1a0:8108
[   70006ms] [ERROR] API Error: Error: pywebview is not registered
    at updateObject (http://localhost:5173/src/api/object.ts:83:10)
    at callApi (http://localhost:5173/src/composables/useApi.ts:10:25)
    at updateObject (http://localhost:5173/src/composables/useApi.ts:24:44)
    at updateObjectInBackend (http://localhost:5173/src/components/List/List.vue:97:25)
    at Proxy.changeDash (http://localhost:5173/src/components/List/List.vue:67:27)
    at onUpdate:modelValue (http://localhost:5173/src/components/List/List.vue:493:33)
    at callWithErrorHandling (http://localhost:5173/node_modules/.vite/deps/vue.runtime.esm-bundler-2BtxhwZ0.js?v=91d2e1a0:1865:17)
    at callWithAsyncErrorHandling (http://localhost:5173/node_modules/.vite/deps/vue.runtime.esm-bundler-2BtxhwZ0.js?v=91d2e1a0:1872:15)
    at emit (http://localhost:5173/node_modules/.vite/deps/vue.runtime.esm-bundler-2BtxhwZ0.js?v=91d2e1a0:4569:15)
    at http://localhost:5173/node_modules/.vite/deps/vue.runtime.esm-bundler-2BtxhwZ0.js?v=91d2e1a0:6734:41 @ http://localhost:5173/src/composables/useApi.ts:13
[   70012ms] Error: pywebview is not registered
    at updateObject (http://localhost:5173/src/api/object.ts:83:10)
    at callApi (http://localhost:5173/src/composables/useApi.ts:10:25)
    at updateObject (http://localhost:5173/src/composables/useApi.ts:24:44)
    at updateObjectInBackend (http://localhost:5173/src/components/List/List.vue:97:25)
    at Proxy.changeDash (http://localhost:5173/src/components/List/List.vue:67:27)
    at onUpdate:modelValue (http://localhost:5173/src/components/List/List.vue:493:33)
    at callWithErrorHandling (http://localhost:5173/node_modules/.vite/deps/vue.runtime.esm-bundler-2BtxhwZ0.js?v=91d2e1a0:1865:17)
    at callWithAsyncErrorHandling (http://localhost:5173/node_modules/.vite/deps/vue.runtime.esm-bundler-2BtxhwZ0.js?v=91d2e1a0:1872:15)
    at emit (http://localhost:5173/node_modules/.vite/deps/vue.runtime.esm-bundler-2BtxhwZ0.js?v=91d2e1a0:4569:15)
    at http://localhost:5173/node_modules/.vite/deps/vue.runtime.esm-bundler-2BtxhwZ0.js?v=91d2e1a0:6734:41
[   70435ms] [ERROR] API Error: Error: pywebview is not registered
    at updateObject (http://localhost:5173/src/api/object.ts:83:10)
    at callApi (http://localhost:5173/src/composables/useApi.ts:10:25)
    at updateObject (http://localhost:5173/src/composables/useApi.ts:24:44)
    at updateObjectInBackend (http://localhost:5173/src/components/List/List.vue:97:25)
    at Proxy.changeDash (http://localhost:5173/src/components/List/List.vue:67:27)
    at onUpdate:modelValue (http://localhost:5173/src/components/List/List.vue:493:33)
    at callWithErrorHandling (http://localhost:5173/node_modules/.vite/deps/vue.runtime.esm-bundler-2BtxhwZ0.js?v=91d2e1a0:1865:17)
    at callWithAsyncErrorHandling (http://localhost:5173/node_modules/.vite/deps/vue.runtime.esm-bundler-2BtxhwZ0.js?v=91d2e1a0:1872:15)
    at emit (http://localhost:5173/node_modules/.vite/deps/vue.runtime.esm-bundler-2BtxhwZ0.js?v=91d2e1a0:4569:15)
    at http://localhost:5173/node_modules/.vite/deps/vue.runtime.esm-bundler-2BtxhwZ0.js?v=91d2e1a0:6734:41 @ http://localhost:5173/src/api/object.ts:84
[   70439ms] [WARNING] The specified value "" does not conform to the required format.  The format is "#rrggbb" where rr, gg, bb are two-digit hexadecimal numbers. @ http://localhost:5173/node_modules/.vite/deps/vue.runtime.esm-bundler-2BtxhwZ0.js?v=91d2e1a0:8108
[   70441ms] [ERROR] API Error: Error: pywebview is not registered
    at updateObject (http://localhost:5173/src/api/object.ts:83:10)
    at callApi (http://localhost:5173/src/composables/useApi.ts:10:25)
    at updateObject (http://localhost:5173/src/composables/useApi.ts:24:44)
    at updateObjectInBackend (http://localhost:5173/src/components/List/List.vue:97:25)
    at Proxy.changeDash (http://localhost:5173/src/components/List/List.vue:67:27)
    at onUpdate:modelValue (http://localhost:5173/src/components/List/List.vue:493:33)
    at callWithErrorHandling (http://localhost:5173/node_modules/.vite/deps/vue.runtime.esm-bundler-2BtxhwZ0.js?v=91d2e1a0:1865:17)
    at callWithAsyncErrorHandling (http://localhost:5173/node_modules/.vite/deps/vue.runtime.esm-bundler-2BtxhwZ0.js?v=91d2e1a0:1872:15)
    at emit (http://localhost:5173/node_modules/.vite/deps/vue.runtime.esm-bundler-2BtxhwZ0.js?v=91d2e1a0:4569:15)
    at http://localhost:5173/node_modules/.vite/deps/vue.runtime.esm-bundler-2BtxhwZ0.js?v=91d2e1a0:6734:41 @ http://localhost:5173/src/composables/useApi.ts:13
[   70446ms] Error: pywebview is not registered
    at updateObject (http://localhost:5173/src/api/object.ts:83:10)
    at callApi (http://localhost:5173/src/composables/useApi.ts:10:25)
    at updateObject (http://localhost:5173/src/composables/useApi.ts:24:44)
    at updateObjectInBackend (http://localhost:5173/src/components/List/List.vue:97:25)
    at Proxy.changeDash (http://localhost:5173/src/components/List/List.vue:67:27)
    at onUpdate:modelValue (http://localhost:5173/src/components/List/List.vue:493:33)
    at callWithErrorHandling (http://localhost:5173/node_modules/.vite/deps/vue.runtime.esm-bundler-2BtxhwZ0.js?v=91d2e1a0:1865:17)
    at callWithAsyncErrorHandling (http://localhost:5173/node_modules/.vite/deps/vue.runtime.esm-bundler-2BtxhwZ0.js?v=91d2e1a0:1872:15)
    at emit (http://localhost:5173/node_modules/.vite/deps/vue.runtime.esm-bundler-2BtxhwZ0.js?v=91d2e1a0:4569:15)
    at http://localhost:5173/node_modules/.vite/deps/vue.runtime.esm-bundler-2BtxhwZ0.js?v=91d2e1a0:6734:41
[   70487ms] [ERROR] API Error: Error: pywebview is not registered
    at updateObject (http://localhost:5173/src/api/object.ts:83:10)
    at callApi (http://localhost:5173/src/composables/useApi.ts:10:25)
    at updateObject (http://localhost:5173/src/composables/useApi.ts:24:44)
    at updateObjectInBackend (http://localhost:5173/src/components/List/List.vue:97:25)
    at Proxy.changeDash (http://localhost:5173/src/components/List/List.vue:67:27)
    at onUpdate:modelValue (http://localhost:5173/src/components/List/List.vue:493:33)
    at callWithErrorHandling (http://localhost:5173/node_modules/.vite/deps/vue.runtime.esm-bundler-2BtxhwZ0.js?v=91d2e1a0:1865:17)
    at callWithAsyncErrorHandling (http://localhost:5173/node_modules/.vite/deps/vue.runtime.esm-bundler-2BtxhwZ0.js?v=91d2e1a0:1872:15)
    at emit (http://localhost:5173/node_modules/.vite/deps/vue.runtime.esm-bundler-2BtxhwZ0.js?v=91d2e1a0:4569:15)
    at http://localhost:5173/node_modules/.vite/deps/vue.runtime.esm-bundler-2BtxhwZ0.js?v=91d2e1a0:6734:41 @ http://localhost:5173/src/api/object.ts:84
[   70492ms] [WARNING] The specified value "" does not conform to the required format.  The format is "#rrggbb" where rr, gg, bb are two-digit hexadecimal numbers. @ http://localhost:5173/node_modules/.vite/deps/vue.runtime.esm-bundler-2BtxhwZ0.js?v=91d2e1a0:8108
[   70494ms] [ERROR] API Error: Error: pywebview is not registered
    at updateObject (http://localhost:5173/src/api/object.ts:83:10)
    at callApi (http://localhost:5173/src/composables/useApi.ts:10:25)
    at updateObject (http://localhost:5173/src/composables/useApi.ts:24:44)
    at updateObjectInBackend (http://localhost:5173/src/components/List/List.vue:97:25)
    at Proxy.changeDash (http://localhost:5173/src/components/List/List.vue:67:27)
    at onUpdate:modelValue (http://localhost:5173/src/components/List/List.vue:493:33)
    at callWithErrorHandling (http://localhost:5173/node_modules/.vite/deps/vue.runtime.esm-bundler-2BtxhwZ0.js?v=91d2e1a0:1865:17)
    at callWithAsyncErrorHandling (http://localhost:5173/node_modules/.vite/deps/vue.runtime.esm-bundler-2BtxhwZ0.js?v=91d2e1a0:1872:15)
    at emit (http://localhost:5173/node_modules/.vite/deps/vue.runtime.esm-bundler-2BtxhwZ0.js?v=91d2e1a0:4569:15)
    at http://localhost:5173/node_modules/.vite/deps/vue.runtime.esm-bundler-2BtxhwZ0.js?v=91d2e1a0:6734:41 @ http://localhost:5173/src/composables/useApi.ts:13
[   70500ms] Error: pywebview is not registered
    at updateObject (http://localhost:5173/src/api/object.ts:83:10)
    at callApi (http://localhost:5173/src/composables/useApi.ts:10:25)
    at updateObject (http://localhost:5173/src/composables/useApi.ts:24:44)
    at updateObjectInBackend (http://localhost:5173/src/components/List/List.vue:97:25)
    at Proxy.changeDash (http://localhost:5173/src/components/List/List.vue:67:27)
    at onUpdate:modelValue (http://localhost:5173/src/components/List/List.vue:493:33)
    at callWithErrorHandling (http://localhost:5173/node_modules/.vite/deps/vue.runtime.esm-bundler-2BtxhwZ0.js?v=91d2e1a0:1865:17)
    at callWithAsyncErrorHandling (http://localhost:5173/node_modules/.vite/deps/vue.runtime.esm-bundler-2BtxhwZ0.js?v=91d2e1a0:1872:15)
    at emit (http://localhost:5173/node_modules/.vite/deps/vue.runtime.esm-bundler-2BtxhwZ0.js?v=91d2e1a0:4569:15)
    at http://localhost:5173/node_modules/.vite/deps/vue.runtime.esm-bundler-2BtxhwZ0.js?v=91d2e1a0:6734:41
[   70500ms] [ERROR] API Error: Error: pywebview is not registered
    at updateObject (http://localhost:5173/src/api/object.ts:83:10)
    at callApi (http://localhost:5173/src/composables/useApi.ts:10:25)
    at updateObject (http://localhost:5173/src/composables/useApi.ts:24:44)
    at updateObjectInBackend (http://localhost:5173/src/components/List/List.vue:97:25)
    at Proxy.changeDash (http://localhost:5173/src/components/List/List.vue:67:27)
    at onUpdate:modelValue (http://localhost:5173/src/components/List/List.vue:493:33)
    at callWithErrorHandling (http://localhost:5173/node_modules/.vite/deps/vue.runtime.esm-bundler-2BtxhwZ0.js?v=91d2e1a0:1865:17)
    at callWithAsyncErrorHandling (http://localhost:5173/node_modules/.vite/deps/vue.runtime.esm-bundler-2BtxhwZ0.js?v=91d2e1a0:1872:15)
    at emit (http://localhost:5173/node_modules/.vite/deps/vue.runtime.esm-bundler-2BtxhwZ0.js?v=91d2e1a0:4569:15)
    at http://localhost:5173/node_modules/.vite/deps/vue.runtime.esm-bundler-2BtxhwZ0.js?v=91d2e1a0:6734:41 @ http://localhost:5173/src/api/object.ts:84
[   70504ms] [WARNING] The specified value "" does not conform to the required format.  The format is "#rrggbb" where rr, gg, bb are two-digit hexadecimal numbers. @ http://localhost:5173/node_modules/.vite/deps/vue.runtime.esm-bundler-2BtxhwZ0.js?v=91d2e1a0:8108
[   70506ms] [ERROR] API Error: Error: pywebview is not registered
    at updateObject (http://localhost:5173/src/api/object.ts:83:10)
    at callApi (http://localhost:5173/src/composables/useApi.ts:10:25)
    at updateObject (http://localhost:5173/src/composables/useApi.ts:24:44)
    at updateObjectInBackend (http://localhost:5173/src/components/List/List.vue:97:25)
    at Proxy.changeDash (http://localhost:5173/src/components/List/List.vue:67:27)
    at onUpdate:modelValue (http://localhost:5173/src/components/List/List.vue:493:33)
    at callWithErrorHandling (http://localhost:5173/node_modules/.vite/deps/vue.runtime.esm-bundler-2BtxhwZ0.js?v=91d2e1a0:1865:17)
    at callWithAsyncErrorHandling (http://localhost:5173/node_modules/.vite/deps/vue.runtime.esm-bundler-2BtxhwZ0.js?v=91d2e1a0:1872:15)
    at emit (http://localhost:5173/node_modules/.vite/deps/vue.runtime.esm-bundler-2BtxhwZ0.js?v=91d2e1a0:4569:15)
    at http://localhost:5173/node_modules/.vite/deps/vue.runtime.esm-bundler-2BtxhwZ0.js?v=91d2e1a0:6734:41 @ http://localhost:5173/src/composables/useApi.ts:13
[   70512ms] Error: pywebview is not registered
    at updateObject (http://localhost:5173/src/api/object.ts:83:10)
    at callApi (http://localhost:5173/src/composables/useApi.ts:10:25)
    at updateObject (http://localhost:5173/src/composables/useApi.ts:24:44)
    at updateObjectInBackend (http://localhost:5173/src/components/List/List.vue:97:25)
    at Proxy.changeDash (http://localhost:5173/src/components/List/List.vue:67:27)
    at onUpdate:modelValue (http://localhost:5173/src/components/List/List.vue:493:33)
    at callWithErrorHandling (http://localhost:5173/node_modules/.vite/deps/vue.runtime.esm-bundler-2BtxhwZ0.js?v=91d2e1a0:1865:17)
    at callWithAsyncErrorHandling (http://localhost:5173/node_modules/.vite/deps/vue.runtime.esm-bundler-2BtxhwZ0.js?v=91d2e1a0:1872:15)
    at emit (http://localhost:5173/node_modules/.vite/deps/vue.runtime.esm-bundler-2BtxhwZ0.js?v=91d2e1a0:4569:15)
    at http://localhost:5173/node_modules/.vite/deps/vue.runtime.esm-bundler-2BtxhwZ0.js?v=91d2e1a0:6734:41
[   70579ms] [ERROR] API Error: Error: pywebview is not registered
    at updateObject (http://localhost:5173/src/api/object.ts:83:10)
    at callApi (http://localhost:5173/src/composables/useApi.ts:10:25)
    at updateObject (http://localhost:5173/src/composables/useApi.ts:24:44)
    at updateObjectInBackend (http://localhost:5173/src/components/List/List.vue:97:25)
    at Proxy.changeDash (http://localhost:5173/src/components/List/List.vue:67:27)
    at onUpdate:modelValue (http://localhost:5173/src/components/List/List.vue:493:33)
    at callWithErrorHandling (http://localhost:5173/node_modules/.vite/deps/vue.runtime.esm-bundler-2BtxhwZ0.js?v=91d2e1a0:1865:17)
    at callWithAsyncErrorHandling (http://localhost:5173/node_modules/.vite/deps/vue.runtime.esm-bundler-2BtxhwZ0.js?v=91d2e1a0:1872:15)
    at emit (http://localhost:5173/node_modules/.vite/deps/vue.runtime.esm-bundler-2BtxhwZ0.js?v=91d2e1a0:4569:15)
    at http://localhost:5173/node_modules/.vite/deps/vue.runtime.esm-bundler-2BtxhwZ0.js?v=91d2e1a0:6734:41 @ http://localhost:5173/src/api/object.ts:84
[   70584ms] [WARNING] The specified value "" does not conform to the required format.  The format is "#rrggbb" where rr, gg, bb are two-digit hexadecimal numbers. @ http://localhost:5173/node_modules/.vite/deps/vue.runtime.esm-bundler-2BtxhwZ0.js?v=91d2e1a0:8108
[   70586ms] [ERROR] API Error: Error: pywebview is not registered
    at updateObject (http://localhost:5173/src/api/object.ts:83:10)
    at callApi (http://localhost:5173/src/composables/useApi.ts:10:25)
    at updateObject (http://localhost:5173/src/composables/useApi.ts:24:44)
    at updateObjectInBackend (http://localhost:5173/src/components/List/List.vue:97:25)
    at Proxy.changeDash (http://localhost:5173/src/components/List/List.vue:67:27)
    at onUpdate:modelValue (http://localhost:5173/src/components/List/List.vue:493:33)
    at callWithErrorHandling (http://localhost:5173/node_modules/.vite/deps/vue.runtime.esm-bundler-2BtxhwZ0.js?v=91d2e1a0:1865:17)
    at callWithAsyncErrorHandling (http://localhost:5173/node_modules/.vite/deps/vue.runtime.esm-bundler-2BtxhwZ0.js?v=91d2e1a0:1872:15)
    at emit (http://localhost:5173/node_modules/.vite/deps/vue.runtime.esm-bundler-2BtxhwZ0.js?v=91d2e1a0:4569:15)
    at http://localhost:5173/node_modules/.vite/deps/vue.runtime.esm-bundler-2BtxhwZ0.js?v=91d2e1a0:6734:41 @ http://localhost:5173/src/composables/useApi.ts:13
[   70592ms] Error: pywebview is not registered
    at updateObject (http://localhost:5173/src/api/object.ts:83:10)
    at callApi (http://localhost:5173/src/composables/useApi.ts:10:25)
    at updateObject (http://localhost:5173/src/composables/useApi.ts:24:44)
    at updateObjectInBackend (http://localhost:5173/src/components/List/List.vue:97:25)
    at Proxy.changeDash (http://localhost:5173/src/components/List/List.vue:67:27)
    at onUpdate:modelValue (http://localhost:5173/src/components/List/List.vue:493:33)
    at callWithErrorHandling (http://localhost:5173/node_modules/.vite/deps/vue.runtime.esm-bundler-2BtxhwZ0.js?v=91d2e1a0:1865:17)
    at callWithAsyncErrorHandling (http://localhost:5173/node_modules/.vite/deps/vue.runtime.esm-bundler-2BtxhwZ0.js?v=91d2e1a0:1872:15)
    at emit (http://localhost:5173/node_modules/.vite/deps/vue.runtime.esm-bundler-2BtxhwZ0.js?v=91d2e1a0:4569:15)
    at http://localhost:5173/node_modules/.vite/deps/vue.runtime.esm-bundler-2BtxhwZ0.js?v=91d2e1a0:6734:41
[   70592ms] [ERROR] API Error: Error: pywebview is not registered
    at updateObject (http://localhost:5173/src/api/object.ts:83:10)
    at callApi (http://localhost:5173/src/composables/useApi.ts:10:25)
    at updateObject (http://localhost:5173/src/composables/useApi.ts:24:44)
    at updateObjectInBackend (http://localhost:5173/src/components/List/List.vue:97:25)
    at Proxy.changeDash (http://localhost:5173/src/components/List/List.vue:67:27)
    at onUpdate:modelValue (http://localhost:5173/src/components/List/List.vue:493:33)
    at callWithErrorHandling (http://localhost:5173/node_modules/.vite/deps/vue.runtime.esm-bundler-2BtxhwZ0.js?v=91d2e1a0:1865:17)
    at callWithAsyncErrorHandling (http://localhost:5173/node_modules/.vite/deps/vue.runtime.esm-bundler-2BtxhwZ0.js?v=91d2e1a0:1872:15)
    at emit (http://localhost:5173/node_modules/.vite/deps/vue.runtime.esm-bundler-2BtxhwZ0.js?v=91d2e1a0:4569:15)
    at http://localhost:5173/node_modules/.vite/deps/vue.runtime.esm-bundler-2BtxhwZ0.js?v=91d2e1a0:6734:41 @ http://localhost:5173/src/api/object.ts:84
[   70597ms] [WARNING] The specified value "" does not conform to the required format.  The format is "#rrggbb" where rr, gg, bb are two-digit hexadecimal numbers. @ http://localhost:5173/node_modules/.vite/deps/vue.runtime.esm-bundler-2BtxhwZ0.js?v=91d2e1a0:8108
[   70600ms] [ERROR] API Error: Error: pywebview is not registered
    at updateObject (http://localhost:5173/src/api/object.ts:83:10)
    at callApi (http://localhost:5173/src/composables/useApi.ts:10:25)
    at updateObject (http://localhost:5173/src/composables/useApi.ts:24:44)
    at updateObjectInBackend (http://localhost:5173/src/components/List/List.vue:97:25)
    at Proxy.changeDash (http://localhost:5173/src/components/List/List.vue:67:27)
    at onUpdate:modelValue (http://localhost:5173/src/components/List/List.vue:493:33)
    at callWithErrorHandling (http://localhost:5173/node_modules/.vite/deps/vue.runtime.esm-bundler-2BtxhwZ0.js?v=91d2e1a0:1865:17)
    at callWithAsyncErrorHandling (http://localhost:5173/node_modules/.vite/deps/vue.runtime.esm-bundler-2BtxhwZ0.js?v=91d2e1a0:1872:15)
    at emit (http://localhost:5173/node_modules/.vite/deps/vue.runtime.esm-bundler-2BtxhwZ0.js?v=91d2e1a0:4569:15)
    at http://localhost:5173/node_modules/.vite/deps/vue.runtime.esm-bundler-2BtxhwZ0.js?v=91d2e1a0:6734:41 @ http://localhost:5173/src/composables/useApi.ts:13
[   70606ms] Error: pywebview is not registered
    at updateObject (http://localhost:5173/src/api/object.ts:83:10)
    at callApi (http://localhost:5173/src/composables/useApi.ts:10:25)
    at updateObject (http://localhost:5173/src/composables/useApi.ts:24:44)
    at updateObjectInBackend (http://localhost:5173/src/components/List/List.vue:97:25)
    at Proxy.changeDash (http://localhost:5173/src/components/List/List.vue:67:27)
    at onUpdate:modelValue (http://localhost:5173/src/components/List/List.vue:493:33)
    at callWithErrorHandling (http://localhost:5173/node_modules/.vite/deps/vue.runtime.esm-bundler-2BtxhwZ0.js?v=91d2e1a0:1865:17)
    at callWithAsyncErrorHandling (http://localhost:5173/node_modules/.vite/deps/vue.runtime.esm-bundler-2BtxhwZ0.js?v=91d2e1a0:1872:15)
    at emit (http://localhost:5173/node_modules/.vite/deps/vue.runtime.esm-bundler-2BtxhwZ0.js?v=91d2e1a0:4569:15)
    at http://localhost:5173/node_modules/.vite/deps/vue.runtime.esm-bundler-2BtxhwZ0.js?v=91d2e1a0:6734:41
[   70739ms] [ERROR] API Error: Error: pywebview is not registered
    at updateObject (http://localhost:5173/src/api/object.ts:83:10)
    at callApi (http://localhost:5173/src/composables/useApi.ts:10:25)
    at updateObject (http://localhost:5173/src/composables/useApi.ts:24:44)
    at updateObjectInBackend (http://localhost:5173/src/components/List/List.vue:97:25)
    at Proxy.changeDash (http://localhost:5173/src/components/List/List.vue:67:27)
    at onUpdate:modelValue (http://localhost:5173/src/components/List/List.vue:493:33)
    at callWithErrorHandling (http://localhost:5173/node_modules/.vite/deps/vue.runtime.esm-bundler-2BtxhwZ0.js?v=91d2e1a0:1865:17)
    at callWithAsyncErrorHandling (http://localhost:5173/node_modules/.vite/deps/vue.runtime.esm-bundler-2BtxhwZ0.js?v=91d2e1a0:1872:15)
    at emit (http://localhost:5173/node_modules/.vite/deps/vue.runtime.esm-bundler-2BtxhwZ0.js?v=91d2e1a0:4569:15)
    at http://localhost:5173/node_modules/.vite/deps/vue.runtime.esm-bundler-2BtxhwZ0.js?v=91d2e1a0:6734:41 @ http://localhost:5173/src/api/object.ts:84
[   70743ms] [WARNING] The specified value "" does not conform to the required format.  The format is "#rrggbb" where rr, gg, bb are two-digit hexadecimal numbers. @ http://localhost:5173/node_modules/.vite/deps/vue.runtime.esm-bundler-2BtxhwZ0.js?v=91d2e1a0:8108
[   70744ms] [ERROR] API Error: Error: pywebview is not registered
    at updateObject (http://localhost:5173/src/api/object.ts:83:10)
    at callApi (http://localhost:5173/src/composables/useApi.ts:10:25)
    at updateObject (http://localhost:5173/src/composables/useApi.ts:24:44)
    at updateObjectInBackend (http://localhost:5173/src/components/List/List.vue:97:25)
    at Proxy.changeDash (http://localhost:5173/src/components/List/List.vue:67:27)
    at onUpdate:modelValue (http://localhost:5173/src/components/List/List.vue:493:33)
    at callWithErrorHandling (http://localhost:5173/node_modules/.vite/deps/vue.runtime.esm-bundler-2BtxhwZ0.js?v=91d2e1a0:1865:17)
    at callWithAsyncErrorHandling (http://localhost:5173/node_modules/.vite/deps/vue.runtime.esm-bundler-2BtxhwZ0.js?v=91d2e1a0:1872:15)
    at emit (http://localhost:5173/node_modules/.vite/deps/vue.runtime.esm-bundler-2BtxhwZ0.js?v=91d2e1a0:4569:15)
    at http://localhost:5173/node_modules/.vite/deps/vue.runtime.esm-bundler-2BtxhwZ0.js?v=91d2e1a0:6734:41 @ http://localhost:5173/src/composables/useApi.ts:13
[   70751ms] Error: pywebview is not registered
    at updateObject (http://localhost:5173/src/api/object.ts:83:10)
    at callApi (http://localhost:5173/src/composables/useApi.ts:10:25)
    at updateObject (http://localhost:5173/src/composables/useApi.ts:24:44)
    at updateObjectInBackend (http://localhost:5173/src/components/List/List.vue:97:25)
    at Proxy.changeDash (http://localhost:5173/src/components/List/List.vue:67:27)
    at onUpdate:modelValue (http://localhost:5173/src/components/List/List.vue:493:33)
    at callWithErrorHandling (http://localhost:5173/node_modules/.vite/deps/vue.runtime.esm-bundler-2BtxhwZ0.js?v=91d2e1a0:1865:17)
    at callWithAsyncErrorHandling (http://localhost:5173/node_modules/.vite/deps/vue.runtime.esm-bundler-2BtxhwZ0.js?v=91d2e1a0:1872:15)
    at emit (http://localhost:5173/node_modules/.vite/deps/vue.runtime.esm-bundler-2BtxhwZ0.js?v=91d2e1a0:4569:15)
    at http://localhost:5173/node_modules/.vite/deps/vue.runtime.esm-bundler-2BtxhwZ0.js?v=91d2e1a0:6734:41
[   70749ms] [ERROR] API Error: Error: pywebview is not registered
    at updateObject (http://localhost:5173/src/api/object.ts:83:10)
    at callApi (http://localhost:5173/src/composables/useApi.ts:10:25)
    at updateObject (http://localhost:5173/src/composables/useApi.ts:24:44)
    at updateObjectInBackend (http://localhost:5173/src/components/List/List.vue:97:25)
    at Proxy.changeDash (http://localhost:5173/src/components/List/List.vue:67:27)
    at onUpdate:modelValue (http://localhost:5173/src/components/List/List.vue:493:33)
    at callWithErrorHandling (http://localhost:5173/node_modules/.vite/deps/vue.runtime.esm-bundler-2BtxhwZ0.js?v=91d2e1a0:1865:17)
    at callWithAsyncErrorHandling (http://localhost:5173/node_modules/.vite/deps/vue.runtime.esm-bundler-2BtxhwZ0.js?v=91d2e1a0:1872:15)
    at emit (http://localhost:5173/node_modules/.vite/deps/vue.runtime.esm-bundler-2BtxhwZ0.js?v=91d2e1a0:4569:15)
    at http://localhost:5173/node_modules/.vite/deps/vue.runtime.esm-bundler-2BtxhwZ0.js?v=91d2e1a0:6734:41 @ http://localhost:5173/src/api/object.ts:84
[   70753ms] [WARNING] The specified value "" does not conform to the required format.  The format is "#rrggbb" where rr, gg, bb are two-digit hexadecimal numbers. @ http://localhost:5173/node_modules/.vite/deps/vue.runtime.esm-bundler-2BtxhwZ0.js?v=91d2e1a0:8108
[   70755ms] [ERROR] API Error: Error: pywebview is not registered
    at updateObject (http://localhost:5173/src/api/object.ts:83:10)
    at callApi (http://localhost:5173/src/composables/useApi.ts:10:25)
    at updateObject (http://localhost:5173/src/composables/useApi.ts:24:44)
    at updateObjectInBackend (http://localhost:5173/src/components/List/List.vue:97:25)
    at Proxy.changeDash (http://localhost:5173/src/components/List/List.vue:67:27)
    at onUpdate:modelValue (http://localhost:5173/src/components/List/List.vue:493:33)
    at callWithErrorHandling (http://localhost:5173/node_modules/.vite/deps/vue.runtime.esm-bundler-2BtxhwZ0.js?v=91d2e1a0:1865:17)
    at callWithAsyncErrorHandling (http://localhost:5173/node_modules/.vite/deps/vue.runtime.esm-bundler-2BtxhwZ0.js?v=91d2e1a0:1872:15)
    at emit (http://localhost:5173/node_modules/.vite/deps/vue.runtime.esm-bundler-2BtxhwZ0.js?v=91d2e1a0:4569:15)
    at http://localhost:5173/node_modules/.vite/deps/vue.runtime.esm-bundler-2BtxhwZ0.js?v=91d2e1a0:6734:41 @ http://localhost:5173/src/composables/useApi.ts:13
[   70762ms] Error: pywebview is not registered
    at updateObject (http://localhost:5173/src/api/object.ts:83:10)
    at callApi (http://localhost:5173/src/composables/useApi.ts:10:25)
    at updateObject (http://localhost:5173/src/composables/useApi.ts:24:44)
    at updateObjectInBackend (http://localhost:5173/src/components/List/List.vue:97:25)
    at Proxy.changeDash (http://localhost:5173/src/components/List/List.vue:67:27)
    at onUpdate:modelValue (http://localhost:5173/src/components/List/List.vue:493:33)
    at callWithErrorHandling (http://localhost:5173/node_modules/.vite/deps/vue.runtime.esm-bundler-2BtxhwZ0.js?v=91d2e1a0:1865:17)
    at callWithAsyncErrorHandling (http://localhost:5173/node_modules/.vite/deps/vue.runtime.esm-bundler-2BtxhwZ0.js?v=91d2e1a0:1872:15)
    at emit (http://localhost:5173/node_modules/.vite/deps/vue.runtime.esm-bundler-2BtxhwZ0.js?v=91d2e1a0:4569:15)
    at http://localhost:5173/node_modules/.vite/deps/vue.runtime.esm-bundler-2BtxhwZ0.js?v=91d2e1a0:6734:41
[   70759ms] [ERROR] API Error: Error: pywebview is not registered
    at updateObject (http://localhost:5173/src/api/object.ts:83:10)
    at callApi (http://localhost:5173/src/composables/useApi.ts:10:25)
    at updateObject (http://localhost:5173/src/composables/useApi.ts:24:44)
    at updateObjectInBackend (http://localhost:5173/src/components/List/List.vue:97:25)
    at Proxy.changeDash (http://localhost:5173/src/components/List/List.vue:67:27)
    at onUpdate:modelValue (http://localhost:5173/src/components/List/List.vue:493:33)
    at callWithErrorHandling (http://localhost:5173/node_modules/.vite/deps/vue.runtime.esm-bundler-2BtxhwZ0.js?v=91d2e1a0:1865:17)
    at callWithAsyncErrorHandling (http://localhost:5173/node_modules/.vite/deps/vue.runtime.esm-bundler-2BtxhwZ0.js?v=91d2e1a0:1872:15)
    at emit (http://localhost:5173/node_modules/.vite/deps/vue.runtime.esm-bundler-2BtxhwZ0.js?v=91d2e1a0:4569:15)
    at http://localhost:5173/node_modules/.vite/deps/vue.runtime.esm-bundler-2BtxhwZ0.js?v=91d2e1a0:6734:41 @ http://localhost:5173/src/api/object.ts:84
[   70763ms] [WARNING] The specified value "" does not conform to the required format.  The format is "#rrggbb" where rr, gg, bb are two-digit hexadecimal numbers. @ http://localhost:5173/node_modules/.vite/deps/vue.runtime.esm-bundler-2BtxhwZ0.js?v=91d2e1a0:8108
[   70765ms] [ERROR] API Error: Error: pywebview is not registered
    at updateObject (http://localhost:5173/src/api/object.ts:83:10)
    at callApi (http://localhost:5173/src/composables/useApi.ts:10:25)
    at updateObject (http://localhost:5173/src/composables/useApi.ts:24:44)
    at updateObjectInBackend (http://localhost:5173/src/components/List/List.vue:97:25)
    at Proxy.changeDash (http://localhost:5173/src/components/List/List.vue:67:27)
    at onUpdate:modelValue (http://localhost:5173/src/components/List/List.vue:493:33)
    at callWithErrorHandling (http://localhost:5173/node_modules/.vite/deps/vue.runtime.esm-bundler-2BtxhwZ0.js?v=91d2e1a0:1865:17)
    at callWithAsyncErrorHandling (http://localhost:5173/node_modules/.vite/deps/vue.runtime.esm-bundler-2BtxhwZ0.js?v=91d2e1a0:1872:15)
    at emit (http://localhost:5173/node_modules/.vite/deps/vue.runtime.esm-bundler-2BtxhwZ0.js?v=91d2e1a0:4569:15)
    at http://localhost:5173/node_modules/.vite/deps/vue.runtime.esm-bundler-2BtxhwZ0.js?v=91d2e1a0:6734:41 @ http://localhost:5173/src/composables/useApi.ts:13
[   70776ms] Error: pywebview is not registered
    at updateObject (http://localhost:5173/src/api/object.ts:83:10)
    at callApi (http://localhost:5173/src/composables/useApi.ts:10:25)
    at updateObject (http://localhost:5173/src/composables/useApi.ts:24:44)
    at updateObjectInBackend (http://localhost:5173/src/components/List/List.vue:97:25)
    at Proxy.changeDash (http://localhost:5173/src/components/List/List.vue:67:27)
    at onUpdate:modelValue (http://localhost:5173/src/components/List/List.vue:493:33)
    at callWithErrorHandling (http://localhost:5173/node_modules/.vite/deps/vue.runtime.esm-bundler-2BtxhwZ0.js?v=91d2e1a0:1865:17)
    at callWithAsyncErrorHandling (http://localhost:5173/node_modules/.vite/deps/vue.runtime.esm-bundler-2BtxhwZ0.js?v=91d2e1a0:1872:15)
    at emit (http://localhost:5173/node_modules/.vite/deps/vue.runtime.esm-bundler-2BtxhwZ0.js?v=91d2e1a0:4569:15)
    at http://localhost:5173/node_modules/.vite/deps/vue.runtime.esm-bundler-2BtxhwZ0.js?v=91d2e1a0:6734:41
[   70771ms] [ERROR] API Error: Error: pywebview is not registered
    at updateObject (http://localhost:5173/src/api/object.ts:83:10)
    at callApi (http://localhost:5173/src/composables/useApi.ts:10:25)
    at updateObject (http://localhost:5173/src/composables/useApi.ts:24:44)
    at updateObjectInBackend (http://localhost:5173/src/components/List/List.vue:97:25)
    at Proxy.changeDash (http://localhost:5173/src/components/List/List.vue:67:27)
    at onUpdate:modelValue (http://localhost:5173/src/components/List/List.vue:493:33)
    at callWithErrorHandling (http://localhost:5173/node_modules/.vite/deps/vue.runtime.esm-bundler-2BtxhwZ0.js?v=91d2e1a0:1865:17)
    at callWithAsyncErrorHandling (http://localhost:5173/node_modules/.vite/deps/vue.runtime.esm-bundler-2BtxhwZ0.js?v=91d2e1a0:1872:15)
    at emit (http://localhost:5173/node_modules/.vite/deps/vue.runtime.esm-bundler-2BtxhwZ0.js?v=91d2e1a0:4569:15)
    at http://localhost:5173/node_modules/.vite/deps/vue.runtime.esm-bundler-2BtxhwZ0.js?v=91d2e1a0:6734:41 @ http://localhost:5173/src/api/object.ts:84
[   70776ms] [WARNING] The specified value "" does not conform to the required format.  The format is "#rrggbb" where rr, gg, bb are two-digit hexadecimal numbers. @ http://localhost:5173/node_modules/.vite/deps/vue.runtime.esm-bundler-2BtxhwZ0.js?v=91d2e1a0:8108
[   70778ms] [ERROR] API Error: Error: pywebview is not registered
    at updateObject (http://localhost:5173/src/api/object.ts:83:10)
    at callApi (http://localhost:5173/src/composables/useApi.ts:10:25)
    at updateObject (http://localhost:5173/src/composables/useApi.ts:24:44)
    at updateObjectInBackend (http://localhost:5173/src/components/List/List.vue:97:25)
    at Proxy.changeDash (http://localhost:5173/src/components/List/List.vue:67:27)
    at onUpdate:modelValue (http://localhost:5173/src/components/List/List.vue:493:33)
    at callWithErrorHandling (http://localhost:5173/node_modules/.vite/deps/vue.runtime.esm-bundler-2BtxhwZ0.js?v=91d2e1a0:1865:17)
    at callWithAsyncErrorHandling (http://localhost:5173/node_modules/.vite/deps/vue.runtime.esm-bundler-2BtxhwZ0.js?v=91d2e1a0:1872:15)
    at emit (http://localhost:5173/node_modules/.vite/deps/vue.runtime.esm-bundler-2BtxhwZ0.js?v=91d2e1a0:4569:15)
    at http://localhost:5173/node_modules/.vite/deps/vue.runtime.esm-bundler-2BtxhwZ0.js?v=91d2e1a0:6734:41 @ http://localhost:5173/src/composables/useApi.ts:13
[   70787ms] Error: pywebview is not registered
    at updateObject (http://localhost:5173/src/api/object.ts:83:10)
    at callApi (http://localhost:5173/src/composables/useApi.ts:10:25)
    at updateObject (http://localhost:5173/src/composables/useApi.ts:24:44)
    at updateObjectInBackend (http://localhost:5173/src/components/List/List.vue:97:25)
    at Proxy.changeDash (http://localhost:5173/src/components/List/List.vue:67:27)
    at onUpdate:modelValue (http://localhost:5173/src/components/List/List.vue:493:33)
    at callWithErrorHandling (http://localhost:5173/node_modules/.vite/deps/vue.runtime.esm-bundler-2BtxhwZ0.js?v=91d2e1a0:1865:17)
    at callWithAsyncErrorHandling (http://localhost:5173/node_modules/.vite/deps/vue.runtime.esm-bundler-2BtxhwZ0.js?v=91d2e1a0:1872:15)
    at emit (http://localhost:5173/node_modules/.vite/deps/vue.runtime.esm-bundler-2BtxhwZ0.js?v=91d2e1a0:4569:15)
    at http://localhost:5173/node_modules/.vite/deps/vue.runtime.esm-bundler-2BtxhwZ0.js?v=91d2e1a0:6734:41
[   70782ms] [ERROR] API Error: Error: pywebview is not registered
    at updateObject (http://localhost:5173/src/api/object.ts:83:10)
    at callApi (http://localhost:5173/src/composables/useApi.ts:10:25)
    at updateObject (http://localhost:5173/src/composables/useApi.ts:24:44)
    at updateObjectInBackend (http://localhost:5173/src/components/List/List.vue:97:25)
    at Proxy.changeDash (http://localhost:5173/src/components/List/List.vue:67:27)
    at onUpdate:modelValue (http://localhost:5173/src/components/List/List.vue:493:33)
    at callWithErrorHandling (http://localhost:5173/node_modules/.vite/deps/vue.runtime.esm-bundler-2BtxhwZ0.js?v=91d2e1a0:1865:17)
    at callWithAsyncErrorHandling (http://localhost:5173/node_modules/.vite/deps/vue.runtime.esm-bundler-2BtxhwZ0.js?v=91d2e1a0:1872:15)
    at emit (http://localhost:5173/node_modules/.vite/deps/vue.runtime.esm-bundler-2BtxhwZ0.js?v=91d2e1a0:4569:15)
    at http://localhost:5173/node_modules/.vite/deps/vue.runtime.esm-bundler-2BtxhwZ0.js?v=91d2e1a0:6734:41 @ http://localhost:5173/src/api/object.ts:84
[   70786ms] [WARNING] The specified value "" does not conform to the required format.  The format is "#rrggbb" where rr, gg, bb are two-digit hexadecimal numbers. @ http://localhost:5173/node_modules/.vite/deps/vue.runtime.esm-bundler-2BtxhwZ0.js?v=91d2e1a0:8108
[   70788ms] [ERROR] API Error: Error: pywebview is not registered
    at updateObject (http://localhost:5173/src/api/object.ts:83:10)
    at callApi (http://localhost:5173/src/composables/useApi.ts:10:25)
    at updateObject (http://localhost:5173/src/composables/useApi.ts:24:44)
    at updateObjectInBackend (http://localhost:5173/src/components/List/List.vue:97:25)
    at Proxy.changeDash (http://localhost:5173/src/components/List/List.vue:67:27)
    at onUpdate:modelValue (http://localhost:5173/src/components/List/List.vue:493:33)
    at callWithErrorHandling (http://localhost:5173/node_modules/.vite/deps/vue.runtime.esm-bundler-2BtxhwZ0.js?v=91d2e1a0:1865:17)
    at callWithAsyncErrorHandling (http://localhost:5173/node_modules/.vite/deps/vue.runtime.esm-bundler-2BtxhwZ0.js?v=91d2e1a0:1872:15)
    at emit (http://localhost:5173/node_modules/.vite/deps/vue.runtime.esm-bundler-2BtxhwZ0.js?v=91d2e1a0:4569:15)
    at http://localhost:5173/node_modules/.vite/deps/vue.runtime.esm-bundler-2BtxhwZ0.js?v=91d2e1a0:6734:41 @ http://localhost:5173/src/composables/useApi.ts:13
[   70792ms] [ERROR] API Error: Error: pywebview is not registered
    at updateObject (http://localhost:5173/src/api/object.ts:83:10)
    at callApi (http://localhost:5173/src/composables/useApi.ts:10:25)
    at updateObject (http://localhost:5173/src/composables/useApi.ts:24:44)
    at updateObjectInBackend (http://localhost:5173/src/components/List/List.vue:97:25)
    at Proxy.changeDash (http://localhost:5173/src/components/List/List.vue:67:27)
    at onUpdate:modelValue (http://localhost:5173/src/components/List/List.vue:493:33)
    at callWithErrorHandling (http://localhost:5173/node_modules/.vite/deps/vue.runtime.esm-bundler-2BtxhwZ0.js?v=91d2e1a0:1865:17)
    at callWithAsyncErrorHandling (http://localhost:5173/node_modules/.vite/deps/vue.runtime.esm-bundler-2BtxhwZ0.js?v=91d2e1a0:1872:15)
    at emit (http://localhost:5173/node_modules/.vite/deps/vue.runtime.esm-bundler-2BtxhwZ0.js?v=91d2e1a0:4569:15)
    at http://localhost:5173/node_modules/.vite/deps/vue.runtime.esm-bundler-2BtxhwZ0.js?v=91d2e1a0:6734:41 @ http://localhost:5173/src/api/object.ts:84
[   70797ms] [WARNING] The specified value "" does not conform to the required format.  The format is "#rrggbb" where rr, gg, bb are two-digit hexadecimal numbers. @ http://localhost:5173/node_modules/.vite/deps/vue.runtime.esm-bundler-2BtxhwZ0.js?v=91d2e1a0:8108
[   70798ms] [ERROR] API Error: Error: pywebview is not registered
    at updateObject (http://localhost:5173/src/api/object.ts:83:10)
    at callApi (http://localhost:5173/src/composables/useApi.ts:10:25)
    at updateObject (http://localhost:5173/src/composables/useApi.ts:24:44)
    at updateObjectInBackend (http://localhost:5173/src/components/List/List.vue:97:25)
    at Proxy.changeDash (http://localhost:5173/src/components/List/List.vue:67:27)
    at onUpdate:modelValue (http://localhost:5173/src/components/List/List.vue:493:33)
    at callWithErrorHandling (http://localhost:5173/node_modules/.vite/deps/vue.runtime.esm-bundler-2BtxhwZ0.js?v=91d2e1a0:1865:17)
    at callWithAsyncErrorHandling (http://localhost:5173/node_modules/.vite/deps/vue.runtime.esm-bundler-2BtxhwZ0.js?v=91d2e1a0:1872:15)
    at emit (http://localhost:5173/node_modules/.vite/deps/vue.runtime.esm-bundler-2BtxhwZ0.js?v=91d2e1a0:4569:15)
    at http://localhost:5173/node_modules/.vite/deps/vue.runtime.esm-bundler-2BtxhwZ0.js?v=91d2e1a0:6734:41 @ http://localhost:5173/src/composables/useApi.ts:13
[   70808ms] Error: pywebview is not registered
    at updateObject (http://localhost:5173/src/api/object.ts:83:10)
    at callApi (http://localhost:5173/src/composables/useApi.ts:10:25)
    at updateObject (http://localhost:5173/src/composables/useApi.ts:24:44)
    at updateObjectInBackend (http://localhost:5173/src/components/List/List.vue:97:25)
    at Proxy.changeDash (http://localhost:5173/src/components/List/List.vue:67:27)
    at onUpdate:modelValue (http://localhost:5173/src/components/List/List.vue:493:33)
    at callWithErrorHandling (http://localhost:5173/node_modules/.vite/deps/vue.runtime.esm-bundler-2BtxhwZ0.js?v=91d2e1a0:1865:17)
    at callWithAsyncErrorHandling (http://localhost:5173/node_modules/.vite/deps/vue.runtime.esm-bundler-2BtxhwZ0.js?v=91d2e1a0:1872:15)
    at emit (http://localhost:5173/node_modules/.vite/deps/vue.runtime.esm-bundler-2BtxhwZ0.js?v=91d2e1a0:4569:15)
    at http://localhost:5173/node_modules/.vite/deps/vue.runtime.esm-bundler-2BtxhwZ0.js?v=91d2e1a0:6734:41
[   70804ms] [ERROR] API Error: Error: pywebview is not registered
    at updateObject (http://localhost:5173/src/api/object.ts:83:10)
    at callApi (http://localhost:5173/src/composables/useApi.ts:10:25)
    at updateObject (http://localhost:5173/src/composables/useApi.ts:24:44)
    at updateObjectInBackend (http://localhost:5173/src/components/List/List.vue:97:25)
    at Proxy.changeDash (http://localhost:5173/src/components/List/List.vue:67:27)
    at onUpdate:modelValue (http://localhost:5173/src/components/List/List.vue:493:33)
    at callWithErrorHandling (http://localhost:5173/node_modules/.vite/deps/vue.runtime.esm-bundler-2BtxhwZ0.js?v=91d2e1a0:1865:17)
    at callWithAsyncErrorHandling (http://localhost:5173/node_modules/.vite/deps/vue.runtime.esm-bundler-2BtxhwZ0.js?v=91d2e1a0:1872:15)
    at emit (http://localhost:5173/node_modules/.vite/deps/vue.runtime.esm-bundler-2BtxhwZ0.js?v=91d2e1a0:4569:15)
    at http://localhost:5173/node_modules/.vite/deps/vue.runtime.esm-bundler-2BtxhwZ0.js?v=91d2e1a0:6734:41 @ http://localhost:5173/src/api/object.ts:84
[   70810ms] [WARNING] The specified value "" does not conform to the required format.  The format is "#rrggbb" where rr, gg, bb are two-digit hexadecimal numbers. @ http://localhost:5173/node_modules/.vite/deps/vue.runtime.esm-bundler-2BtxhwZ0.js?v=91d2e1a0:8108
[   70814ms] [ERROR] API Error: Error: pywebview is not registered
    at updateObject (http://localhost:5173/src/api/object.ts:83:10)
    at callApi (http://localhost:5173/src/composables/useApi.ts:10:25)
    at updateObject (http://localhost:5173/src/composables/useApi.ts:24:44)
    at updateObjectInBackend (http://localhost:5173/src/components/List/List.vue:97:25)
    at Proxy.changeDash (http://localhost:5173/src/components/List/List.vue:67:27)
    at onUpdate:modelValue (http://localhost:5173/src/components/List/List.vue:493:33)
    at callWithErrorHandling (http://localhost:5173/node_modules/.vite/deps/vue.runtime.esm-bundler-2BtxhwZ0.js?v=91d2e1a0:1865:17)
    at callWithAsyncErrorHandling (http://localhost:5173/node_modules/.vite/deps/vue.runtime.esm-bundler-2BtxhwZ0.js?v=91d2e1a0:1872:15)
    at emit (http://localhost:5173/node_modules/.vite/deps/vue.runtime.esm-bundler-2BtxhwZ0.js?v=91d2e1a0:4569:15)
    at http://localhost:5173/node_modules/.vite/deps/vue.runtime.esm-bundler-2BtxhwZ0.js?v=91d2e1a0:6734:41 @ http://localhost:5173/src/composables/useApi.ts:13
[   70820ms] [ERROR] API Error: Error: pywebview is not registered
    at updateObject (http://localhost:5173/src/api/object.ts:83:10)
    at callApi (http://localhost:5173/src/composables/useApi.ts:10:25)
    at updateObject (http://localhost:5173/src/composables/useApi.ts:24:44)
    at updateObjectInBackend (http://localhost:5173/src/components/List/List.vue:97:25)
    at Proxy.changeDash (http://localhost:5173/src/components/List/List.vue:67:27)
    at onUpdate:modelValue (http://localhost:5173/src/components/List/List.vue:493:33)
    at callWithErrorHandling (http://localhost:5173/node_modules/.vite/deps/vue.runtime.esm-bundler-2BtxhwZ0.js?v=91d2e1a0:1865:17)
    at callWithAsyncErrorHandling (http://localhost:5173/node_modules/.vite/deps/vue.runtime.esm-bundler-2BtxhwZ0.js?v=91d2e1a0:1872:15)
    at emit (http://localhost:5173/node_modules/.vite/deps/vue.runtime.esm-bundler-2BtxhwZ0.js?v=91d2e1a0:4569:15)
    at http://localhost:5173/node_modules/.vite/deps/vue.runtime.esm-bundler-2BtxhwZ0.js?v=91d2e1a0:6734:41 @ http://localhost:5173/src/api/object.ts:84
[   70824ms] [WARNING] The specified value "" does not conform to the required format.  The format is "#rrggbb" where rr, gg, bb are two-digit hexadecimal numbers. @ http://localhost:5173/node_modules/.vite/deps/vue.runtime.esm-bundler-2BtxhwZ0.js?v=91d2e1a0:8108
[   70825ms] [ERROR] API Error: Error: pywebview is not registered
    at updateObject (http://localhost:5173/src/api/object.ts:83:10)
    at callApi (http://localhost:5173/src/composables/useApi.ts:10:25)
    at updateObject (http://localhost:5173/src/composables/useApi.ts:24:44)
    at updateObjectInBackend (http://localhost:5173/src/components/List/List.vue:97:25)
    at Proxy.changeDash (http://localhost:5173/src/components/List/List.vue:67:27)
    at onUpdate:modelValue (http://localhost:5173/src/components/List/List.vue:493:33)
    at callWithErrorHandling (http://localhost:5173/node_modules/.vite/deps/vue.runtime.esm-bundler-2BtxhwZ0.js?v=91d2e1a0:1865:17)
    at callWithAsyncErrorHandling (http://localhost:5173/node_modules/.vite/deps/vue.runtime.esm-bundler-2BtxhwZ0.js?v=91d2e1a0:1872:15)
    at emit (http://localhost:5173/node_modules/.vite/deps/vue.runtime.esm-bundler-2BtxhwZ0.js?v=91d2e1a0:4569:15)
    at http://localhost:5173/node_modules/.vite/deps/vue.runtime.esm-bundler-2BtxhwZ0.js?v=91d2e1a0:6734:41 @ http://localhost:5173/src/composables/useApi.ts:13
[   70829ms] Error: pywebview is not registered
    at updateObject (http://localhost:5173/src/api/object.ts:83:10)
    at callApi (http://localhost:5173/src/composables/useApi.ts:10:25)
    at updateObject (http://localhost:5173/src/composables/useApi.ts:24:44)
    at updateObjectInBackend (http://localhost:5173/src/components/List/List.vue:97:25)
    at Proxy.changeDash (http://localhost:5173/src/components/List/List.vue:67:27)
    at onUpdate:modelValue (http://localhost:5173/src/components/List/List.vue:493:33)
    at callWithErrorHandling (http://localhost:5173/node_modules/.vite/deps/vue.runtime.esm-bundler-2BtxhwZ0.js?v=91d2e1a0:1865:17)
    at callWithAsyncErrorHandling (http://localhost:5173/node_modules/.vite/deps/vue.runtime.esm-bundler-2BtxhwZ0.js?v=91d2e1a0:1872:15)
    at emit (http://localhost:5173/node_modules/.vite/deps/vue.runtime.esm-bundler-2BtxhwZ0.js?v=91d2e1a0:4569:15)
    at http://localhost:5173/node_modules/.vite/deps/vue.runtime.esm-bundler-2BtxhwZ0.js?v=91d2e1a0:6734:41
[   70830ms] Error: pywebview is not registered
    at updateObject (http://localhost:5173/src/api/object.ts:83:10)
    at callApi (http://localhost:5173/src/composables/useApi.ts:10:25)
    at updateObject (http://localhost:5173/src/composables/useApi.ts:24:44)
    at updateObjectInBackend (http://localhost:5173/src/components/List/List.vue:97:25)
    at Proxy.changeDash (http://localhost:5173/src/components/List/List.vue:67:27)
    at onUpdate:modelValue (http://localhost:5173/src/components/List/List.vue:493:33)
    at callWithErrorHandling (http://localhost:5173/node_modules/.vite/deps/vue.runtime.esm-bundler-2BtxhwZ0.js?v=91d2e1a0:1865:17)
    at callWithAsyncErrorHandling (http://localhost:5173/node_modules/.vite/deps/vue.runtime.esm-bundler-2BtxhwZ0.js?v=91d2e1a0:1872:15)
    at emit (http://localhost:5173/node_modules/.vite/deps/vue.runtime.esm-bundler-2BtxhwZ0.js?v=91d2e1a0:4569:15)
    at http://localhost:5173/node_modules/.vite/deps/vue.runtime.esm-bundler-2BtxhwZ0.js?v=91d2e1a0:6734:41
[   70831ms] Error: pywebview is not registered
    at updateObject (http://localhost:5173/src/api/object.ts:83:10)
    at callApi (http://localhost:5173/src/composables/useApi.ts:10:25)
    at updateObject (http://localhost:5173/src/composables/useApi.ts:24:44)
    at updateObjectInBackend (http://localhost:5173/src/components/List/List.vue:97:25)
    at Proxy.changeDash (http://localhost:5173/src/components/List/List.vue:67:27)
    at onUpdate:modelValue (http://localhost:5173/src/components/List/List.vue:493:33)
    at callWithErrorHandling (http://localhost:5173/node_modules/.vite/deps/vue.runtime.esm-bundler-2BtxhwZ0.js?v=91d2e1a0:1865:17)
    at callWithAsyncErrorHandling (http://localhost:5173/node_modules/.vite/deps/vue.runtime.esm-bundler-2BtxhwZ0.js?v=91d2e1a0:1872:15)
    at emit (http://localhost:5173/node_modules/.vite/deps/vue.runtime.esm-bundler-2BtxhwZ0.js?v=91d2e1a0:4569:15)
    at http://localhost:5173/node_modules/.vite/deps/vue.runtime.esm-bundler-2BtxhwZ0.js?v=91d2e1a0:6734:41
[   70955ms] [ERROR] API Error: Error: pywebview is not registered
    at updateObject (http://localhost:5173/src/api/object.ts:83:10)
    at callApi (http://localhost:5173/src/composables/useApi.ts:10:25)
    at updateObject (http://localhost:5173/src/composables/useApi.ts:24:44)
    at updateObjectInBackend (http://localhost:5173/src/components/List/List.vue:97:25)
    at Proxy.changeDash (http://localhost:5173/src/components/List/List.vue:67:27)
    at onUpdate:modelValue (http://localhost:5173/src/components/List/List.vue:493:33)
    at callWithErrorHandling (http://localhost:5173/node_modules/.vite/deps/vue.runtime.esm-bundler-2BtxhwZ0.js?v=91d2e1a0:1865:17)
    at callWithAsyncErrorHandling (http://localhost:5173/node_modules/.vite/deps/vue.runtime.esm-bundler-2BtxhwZ0.js?v=91d2e1a0:1872:15)
    at emit (http://localhost:5173/node_modules/.vite/deps/vue.runtime.esm-bundler-2BtxhwZ0.js?v=91d2e1a0:4569:15)
    at http://localhost:5173/node_modules/.vite/deps/vue.runtime.esm-bundler-2BtxhwZ0.js?v=91d2e1a0:6734:41 @ http://localhost:5173/src/api/object.ts:84
[   70959ms] [WARNING] The specified value "" does not conform to the required format.  The format is "#rrggbb" where rr, gg, bb are two-digit hexadecimal numbers. @ http://localhost:5173/node_modules/.vite/deps/vue.runtime.esm-bundler-2BtxhwZ0.js?v=91d2e1a0:8108
[   70960ms] [ERROR] API Error: Error: pywebview is not registered
    at updateObject (http://localhost:5173/src/api/object.ts:83:10)
    at callApi (http://localhost:5173/src/composables/useApi.ts:10:25)
    at updateObject (http://localhost:5173/src/composables/useApi.ts:24:44)
    at updateObjectInBackend (http://localhost:5173/src/components/List/List.vue:97:25)
    at Proxy.changeDash (http://localhost:5173/src/components/List/List.vue:67:27)
    at onUpdate:modelValue (http://localhost:5173/src/components/List/List.vue:493:33)
    at callWithErrorHandling (http://localhost:5173/node_modules/.vite/deps/vue.runtime.esm-bundler-2BtxhwZ0.js?v=91d2e1a0:1865:17)
    at callWithAsyncErrorHandling (http://localhost:5173/node_modules/.vite/deps/vue.runtime.esm-bundler-2BtxhwZ0.js?v=91d2e1a0:1872:15)
    at emit (http://localhost:5173/node_modules/.vite/deps/vue.runtime.esm-bundler-2BtxhwZ0.js?v=91d2e1a0:4569:15)
    at http://localhost:5173/node_modules/.vite/deps/vue.runtime.esm-bundler-2BtxhwZ0.js?v=91d2e1a0:6734:41 @ http://localhost:5173/src/composables/useApi.ts:13
[   70967ms] Error: pywebview is not registered
    at updateObject (http://localhost:5173/src/api/object.ts:83:10)
    at callApi (http://localhost:5173/src/composables/useApi.ts:10:25)
    at updateObject (http://localhost:5173/src/composables/useApi.ts:24:44)
    at updateObjectInBackend (http://localhost:5173/src/components/List/List.vue:97:25)
    at Proxy.changeDash (http://localhost:5173/src/components/List/List.vue:67:27)
    at onUpdate:modelValue (http://localhost:5173/src/components/List/List.vue:493:33)
    at callWithErrorHandling (http://localhost:5173/node_modules/.vite/deps/vue.runtime.esm-bundler-2BtxhwZ0.js?v=91d2e1a0:1865:17)
    at callWithAsyncErrorHandling (http://localhost:5173/node_modules/.vite/deps/vue.runtime.esm-bundler-2BtxhwZ0.js?v=91d2e1a0:1872:15)
    at emit (http://localhost:5173/node_modules/.vite/deps/vue.runtime.esm-bundler-2BtxhwZ0.js?v=91d2e1a0:4569:15)
    at http://localhost:5173/node_modules/.vite/deps/vue.runtime.esm-bundler-2BtxhwZ0.js?v=91d2e1a0:6734:41
[   70965ms] [ERROR] API Error: Error: pywebview is not registered
    at updateObject (http://localhost:5173/src/api/object.ts:83:10)
    at callApi (http://localhost:5173/src/composables/useApi.ts:10:25)
    at updateObject (http://localhost:5173/src/composables/useApi.ts:24:44)
    at updateObjectInBackend (http://localhost:5173/src/components/List/List.vue:97:25)
    at Proxy.changeDash (http://localhost:5173/src/components/List/List.vue:67:27)
    at onUpdate:modelValue (http://localhost:5173/src/components/List/List.vue:493:33)
    at callWithErrorHandling (http://localhost:5173/node_modules/.vite/deps/vue.runtime.esm-bundler-2BtxhwZ0.js?v=91d2e1a0:1865:17)
    at callWithAsyncErrorHandling (http://localhost:5173/node_modules/.vite/deps/vue.runtime.esm-bundler-2BtxhwZ0.js?v=91d2e1a0:1872:15)
    at emit (http://localhost:5173/node_modules/.vite/deps/vue.runtime.esm-bundler-2BtxhwZ0.js?v=91d2e1a0:4569:15)
    at http://localhost:5173/node_modules/.vite/deps/vue.runtime.esm-bundler-2BtxhwZ0.js?v=91d2e1a0:6734:41 @ http://localhost:5173/src/api/object.ts:84
[   70970ms] [WARNING] The specified value "" does not conform to the required format.  The format is "#rrggbb" where rr, gg, bb are two-digit hexadecimal numbers. @ http://localhost:5173/node_modules/.vite/deps/vue.runtime.esm-bundler-2BtxhwZ0.js?v=91d2e1a0:8108
[   70971ms] [ERROR] API Error: Error: pywebview is not registered
    at updateObject (http://localhost:5173/src/api/object.ts:83:10)
    at callApi (http://localhost:5173/src/composables/useApi.ts:10:25)
    at updateObject (http://localhost:5173/src/composables/useApi.ts:24:44)
    at updateObjectInBackend (http://localhost:5173/src/components/List/List.vue:97:25)
    at Proxy.changeDash (http://localhost:5173/src/components/List/List.vue:67:27)
    at onUpdate:modelValue (http://localhost:5173/src/components/List/List.vue:493:33)
    at callWithErrorHandling (http://localhost:5173/node_modules/.vite/deps/vue.runtime.esm-bundler-2BtxhwZ0.js?v=91d2e1a0:1865:17)
    at callWithAsyncErrorHandling (http://localhost:5173/node_modules/.vite/deps/vue.runtime.esm-bundler-2BtxhwZ0.js?v=91d2e1a0:1872:15)
    at emit (http://localhost:5173/node_modules/.vite/deps/vue.runtime.esm-bundler-2BtxhwZ0.js?v=91d2e1a0:4569:15)
    at http://localhost:5173/node_modules/.vite/deps/vue.runtime.esm-bundler-2BtxhwZ0.js?v=91d2e1a0:6734:41 @ http://localhost:5173/src/composables/useApi.ts:13
[   70979ms] Error: pywebview is not registered
    at updateObject (http://localhost:5173/src/api/object.ts:83:10)
    at callApi (http://localhost:5173/src/composables/useApi.ts:10:25)
    at updateObject (http://localhost:5173/src/composables/useApi.ts:24:44)
    at updateObjectInBackend (http://localhost:5173/src/components/List/List.vue:97:25)
    at Proxy.changeDash (http://localhost:5173/src/components/List/List.vue:67:27)
    at onUpdate:modelValue (http://localhost:5173/src/components/List/List.vue:493:33)
    at callWithErrorHandling (http://localhost:5173/node_modules/.vite/deps/vue.runtime.esm-bundler-2BtxhwZ0.js?v=91d2e1a0:1865:17)
    at callWithAsyncErrorHandling (http://localhost:5173/node_modules/.vite/deps/vue.runtime.esm-bundler-2BtxhwZ0.js?v=91d2e1a0:1872:15)
    at emit (http://localhost:5173/node_modules/.vite/deps/vue.runtime.esm-bundler-2BtxhwZ0.js?v=91d2e1a0:4569:15)
    at http://localhost:5173/node_modules/.vite/deps/vue.runtime.esm-bundler-2BtxhwZ0.js?v=91d2e1a0:6734:41
[   70976ms] [ERROR] API Error: Error: pywebview is not registered
    at updateObject (http://localhost:5173/src/api/object.ts:83:10)
    at callApi (http://localhost:5173/src/composables/useApi.ts:10:25)
    at updateObject (http://localhost:5173/src/composables/useApi.ts:24:44)
    at updateObjectInBackend (http://localhost:5173/src/components/List/List.vue:97:25)
    at Proxy.changeDash (http://localhost:5173/src/components/List/List.vue:67:27)
    at onUpdate:modelValue (http://localhost:5173/src/components/List/List.vue:493:33)
    at callWithErrorHandling (http://localhost:5173/node_modules/.vite/deps/vue.runtime.esm-bundler-2BtxhwZ0.js?v=91d2e1a0:1865:17)
    at callWithAsyncErrorHandling (http://localhost:5173/node_modules/.vite/deps/vue.runtime.esm-bundler-2BtxhwZ0.js?v=91d2e1a0:1872:15)
    at emit (http://localhost:5173/node_modules/.vite/deps/vue.runtime.esm-bundler-2BtxhwZ0.js?v=91d2e1a0:4569:15)
    at http://localhost:5173/node_modules/.vite/deps/vue.runtime.esm-bundler-2BtxhwZ0.js?v=91d2e1a0:6734:41 @ http://localhost:5173/src/api/object.ts:84
[   70980ms] [WARNING] The specified value "" does not conform to the required format.  The format is "#rrggbb" where rr, gg, bb are two-digit hexadecimal numbers. @ http://localhost:5173/node_modules/.vite/deps/vue.runtime.esm-bundler-2BtxhwZ0.js?v=91d2e1a0:8108
[   70983ms] [ERROR] API Error: Error: pywebview is not registered
    at updateObject (http://localhost:5173/src/api/object.ts:83:10)
    at callApi (http://localhost:5173/src/composables/useApi.ts:10:25)
    at updateObject (http://localhost:5173/src/composables/useApi.ts:24:44)
    at updateObjectInBackend (http://localhost:5173/src/components/List/List.vue:97:25)
    at Proxy.changeDash (http://localhost:5173/src/components/List/List.vue:67:27)
    at onUpdate:modelValue (http://localhost:5173/src/components/List/List.vue:493:33)
    at callWithErrorHandling (http://localhost:5173/node_modules/.vite/deps/vue.runtime.esm-bundler-2BtxhwZ0.js?v=91d2e1a0:1865:17)
    at callWithAsyncErrorHandling (http://localhost:5173/node_modules/.vite/deps/vue.runtime.esm-bundler-2BtxhwZ0.js?v=91d2e1a0:1872:15)
    at emit (http://localhost:5173/node_modules/.vite/deps/vue.runtime.esm-bundler-2BtxhwZ0.js?v=91d2e1a0:4569:15)
    at http://localhost:5173/node_modules/.vite/deps/vue.runtime.esm-bundler-2BtxhwZ0.js?v=91d2e1a0:6734:41 @ http://localhost:5173/src/composables/useApi.ts:13
[   70991ms] Error: pywebview is not registered
    at updateObject (http://localhost:5173/src/api/object.ts:83:10)
    at callApi (http://localhost:5173/src/composables/useApi.ts:10:25)
    at updateObject (http://localhost:5173/src/composables/useApi.ts:24:44)
    at updateObjectInBackend (http://localhost:5173/src/components/List/List.vue:97:25)
    at Proxy.changeDash (http://localhost:5173/src/components/List/List.vue:67:27)
    at onUpdate:modelValue (http://localhost:5173/src/components/List/List.vue:493:33)
    at callWithErrorHandling (http://localhost:5173/node_modules/.vite/deps/vue.runtime.esm-bundler-2BtxhwZ0.js?v=91d2e1a0:1865:17)
    at callWithAsyncErrorHandling (http://localhost:5173/node_modules/.vite/deps/vue.runtime.esm-bundler-2BtxhwZ0.js?v=91d2e1a0:1872:15)
    at emit (http://localhost:5173/node_modules/.vite/deps/vue.runtime.esm-bundler-2BtxhwZ0.js?v=91d2e1a0:4569:15)
    at http://localhost:5173/node_modules/.vite/deps/vue.runtime.esm-bundler-2BtxhwZ0.js?v=91d2e1a0:6734:41
[   70989ms] [ERROR] API Error: Error: pywebview is not registered
    at updateObject (http://localhost:5173/src/api/object.ts:83:10)
    at callApi (http://localhost:5173/src/composables/useApi.ts:10:25)
    at updateObject (http://localhost:5173/src/composables/useApi.ts:24:44)
    at updateObjectInBackend (http://localhost:5173/src/components/List/List.vue:97:25)
    at Proxy.changeDash (http://localhost:5173/src/components/List/List.vue:67:27)
    at onUpdate:modelValue (http://localhost:5173/src/components/List/List.vue:493:33)
    at callWithErrorHandling (http://localhost:5173/node_modules/.vite/deps/vue.runtime.esm-bundler-2BtxhwZ0.js?v=91d2e1a0:1865:17)
    at callWithAsyncErrorHandling (http://localhost:5173/node_modules/.vite/deps/vue.runtime.esm-bundler-2BtxhwZ0.js?v=91d2e1a0:1872:15)
    at emit (http://localhost:5173/node_modules/.vite/deps/vue.runtime.esm-bundler-2BtxhwZ0.js?v=91d2e1a0:4569:15)
    at http://localhost:5173/node_modules/.vite/deps/vue.runtime.esm-bundler-2BtxhwZ0.js?v=91d2e1a0:6734:41 @ http://localhost:5173/src/api/object.ts:84
[   70994ms] [WARNING] The specified value "" does not conform to the required format.  The format is "#rrggbb" where rr, gg, bb are two-digit hexadecimal numbers. @ http://localhost:5173/node_modules/.vite/deps/vue.runtime.esm-bundler-2BtxhwZ0.js?v=91d2e1a0:8108
[   70996ms] [ERROR] API Error: Error: pywebview is not registered
    at updateObject (http://localhost:5173/src/api/object.ts:83:10)
    at callApi (http://localhost:5173/src/composables/useApi.ts:10:25)
    at updateObject (http://localhost:5173/src/composables/useApi.ts:24:44)
    at updateObjectInBackend (http://localhost:5173/src/components/List/List.vue:97:25)
    at Proxy.changeDash (http://localhost:5173/src/components/List/List.vue:67:27)
    at onUpdate:modelValue (http://localhost:5173/src/components/List/List.vue:493:33)
    at callWithErrorHandling (http://localhost:5173/node_modules/.vite/deps/vue.runtime.esm-bundler-2BtxhwZ0.js?v=91d2e1a0:1865:17)
    at callWithAsyncErrorHandling (http://localhost:5173/node_modules/.vite/deps/vue.runtime.esm-bundler-2BtxhwZ0.js?v=91d2e1a0:1872:15)
    at emit (http://localhost:5173/node_modules/.vite/deps/vue.runtime.esm-bundler-2BtxhwZ0.js?v=91d2e1a0:4569:15)
    at http://localhost:5173/node_modules/.vite/deps/vue.runtime.esm-bundler-2BtxhwZ0.js?v=91d2e1a0:6734:41 @ http://localhost:5173/src/composables/useApi.ts:13
[   71001ms] Error: pywebview is not registered
    at updateObject (http://localhost:5173/src/api/object.ts:83:10)
    at callApi (http://localhost:5173/src/composables/useApi.ts:10:25)
    at updateObject (http://localhost:5173/src/composables/useApi.ts:24:44)
    at updateObjectInBackend (http://localhost:5173/src/components/List/List.vue:97:25)
    at Proxy.changeDash (http://localhost:5173/src/components/List/List.vue:67:27)
    at onUpdate:modelValue (http://localhost:5173/src/components/List/List.vue:493:33)
    at callWithErrorHandling (http://localhost:5173/node_modules/.vite/deps/vue.runtime.esm-bundler-2BtxhwZ0.js?v=91d2e1a0:1865:17)
    at callWithAsyncErrorHandling (http://localhost:5173/node_modules/.vite/deps/vue.runtime.esm-bundler-2BtxhwZ0.js?v=91d2e1a0:1872:15)
    at emit (http://localhost:5173/node_modules/.vite/deps/vue.runtime.esm-bundler-2BtxhwZ0.js?v=91d2e1a0:4569:15)
    at http://localhost:5173/node_modules/.vite/deps/vue.runtime.esm-bundler-2BtxhwZ0.js?v=91d2e1a0:6734:41
[   71001ms] [ERROR] API Error: Error: pywebview is not registered
    at updateObject (http://localhost:5173/src/api/object.ts:83:10)
    at callApi (http://localhost:5173/src/composables/useApi.ts:10:25)
    at updateObject (http://localhost:5173/src/composables/useApi.ts:24:44)
    at updateObjectInBackend (http://localhost:5173/src/components/List/List.vue:97:25)
    at Proxy.changeDash (http://localhost:5173/src/components/List/List.vue:67:27)
    at onUpdate:modelValue (http://localhost:5173/src/components/List/List.vue:493:33)
    at callWithErrorHandling (http://localhost:5173/node_modules/.vite/deps/vue.runtime.esm-bundler-2BtxhwZ0.js?v=91d2e1a0:1865:17)
    at callWithAsyncErrorHandling (http://localhost:5173/node_modules/.vite/deps/vue.runtime.esm-bundler-2BtxhwZ0.js?v=91d2e1a0:1872:15)
    at emit (http://localhost:5173/node_modules/.vite/deps/vue.runtime.esm-bundler-2BtxhwZ0.js?v=91d2e1a0:4569:15)
    at http://localhost:5173/node_modules/.vite/deps/vue.runtime.esm-bundler-2BtxhwZ0.js?v=91d2e1a0:6734:41 @ http://localhost:5173/src/api/object.ts:84
[   71007ms] [WARNING] The specified value "" does not conform to the required format.  The format is "#rrggbb" where rr, gg, bb are two-digit hexadecimal numbers. @ http://localhost:5173/node_modules/.vite/deps/vue.runtime.esm-bundler-2BtxhwZ0.js?v=91d2e1a0:8108
[   71009ms] [ERROR] API Error: Error: pywebview is not registered
    at updateObject (http://localhost:5173/src/api/object.ts:83:10)
    at callApi (http://localhost:5173/src/composables/useApi.ts:10:25)
    at updateObject (http://localhost:5173/src/composables/useApi.ts:24:44)
    at updateObjectInBackend (http://localhost:5173/src/components/List/List.vue:97:25)
    at Proxy.changeDash (http://localhost:5173/src/components/List/List.vue:67:27)
    at onUpdate:modelValue (http://localhost:5173/src/components/List/List.vue:493:33)
    at callWithErrorHandling (http://localhost:5173/node_modules/.vite/deps/vue.runtime.esm-bundler-2BtxhwZ0.js?v=91d2e1a0:1865:17)
    at callWithAsyncErrorHandling (http://localhost:5173/node_modules/.vite/deps/vue.runtime.esm-bundler-2BtxhwZ0.js?v=91d2e1a0:1872:15)
    at emit (http://localhost:5173/node_modules/.vite/deps/vue.runtime.esm-bundler-2BtxhwZ0.js?v=91d2e1a0:4569:15)
    at http://localhost:5173/node_modules/.vite/deps/vue.runtime.esm-bundler-2BtxhwZ0.js?v=91d2e1a0:6734:41 @ http://localhost:5173/src/composables/useApi.ts:13
[   71013ms] Error: pywebview is not registered
    at updateObject (http://localhost:5173/src/api/object.ts:83:10)
    at callApi (http://localhost:5173/src/composables/useApi.ts:10:25)
    at updateObject (http://localhost:5173/src/composables/useApi.ts:24:44)
    at updateObjectInBackend (http://localhost:5173/src/components/List/List.vue:97:25)
    at Proxy.changeDash (http://localhost:5173/src/components/List/List.vue:67:27)
    at onUpdate:modelValue (http://localhost:5173/src/components/List/List.vue:493:33)
    at callWithErrorHandling (http://localhost:5173/node_modules/.vite/deps/vue.runtime.esm-bundler-2BtxhwZ0.js?v=91d2e1a0:1865:17)
    at callWithAsyncErrorHandling (http://localhost:5173/node_modules/.vite/deps/vue.runtime.esm-bundler-2BtxhwZ0.js?v=91d2e1a0:1872:15)
    at emit (http://localhost:5173/node_modules/.vite/deps/vue.runtime.esm-bundler-2BtxhwZ0.js?v=91d2e1a0:4569:15)
    at http://localhost:5173/node_modules/.vite/deps/vue.runtime.esm-bundler-2BtxhwZ0.js?v=91d2e1a0:6734:41
[   71014ms] [ERROR] API Error: Error: pywebview is not registered
    at updateObject (http://localhost:5173/src/api/object.ts:83:10)
    at callApi (http://localhost:5173/src/composables/useApi.ts:10:25)
    at updateObject (http://localhost:5173/src/composables/useApi.ts:24:44)
    at updateObjectInBackend (http://localhost:5173/src/components/List/List.vue:97:25)
    at Proxy.changeDash (http://localhost:5173/src/components/List/List.vue:67:27)
    at onUpdate:modelValue (http://localhost:5173/src/components/List/List.vue:493:33)
    at callWithErrorHandling (http://localhost:5173/node_modules/.vite/deps/vue.runtime.esm-bundler-2BtxhwZ0.js?v=91d2e1a0:1865:17)
    at callWithAsyncErrorHandling (http://localhost:5173/node_modules/.vite/deps/vue.runtime.esm-bundler-2BtxhwZ0.js?v=91d2e1a0:1872:15)
    at emit (http://localhost:5173/node_modules/.vite/deps/vue.runtime.esm-bundler-2BtxhwZ0.js?v=91d2e1a0:4569:15)
    at http://localhost:5173/node_modules/.vite/deps/vue.runtime.esm-bundler-2BtxhwZ0.js?v=91d2e1a0:6734:41 @ http://localhost:5173/src/api/object.ts:84
[   71019ms] [WARNING] The specified value "" does not conform to the required format.  The format is "#rrggbb" where rr, gg, bb are two-digit hexadecimal numbers. @ http://localhost:5173/node_modules/.vite/deps/vue.runtime.esm-bundler-2BtxhwZ0.js?v=91d2e1a0:8108
[   71020ms] [ERROR] API Error: Error: pywebview is not registered
    at updateObject (http://localhost:5173/src/api/object.ts:83:10)
    at callApi (http://localhost:5173/src/composables/useApi.ts:10:25)
    at updateObject (http://localhost:5173/src/composables/useApi.ts:24:44)
    at updateObjectInBackend (http://localhost:5173/src/components/List/List.vue:97:25)
    at Proxy.changeDash (http://localhost:5173/src/components/List/List.vue:67:27)
    at onUpdate:modelValue (http://localhost:5173/src/components/List/List.vue:493:33)
    at callWithErrorHandling (http://localhost:5173/node_modules/.vite/deps/vue.runtime.esm-bundler-2BtxhwZ0.js?v=91d2e1a0:1865:17)
    at callWithAsyncErrorHandling (http://localhost:5173/node_modules/.vite/deps/vue.runtime.esm-bundler-2BtxhwZ0.js?v=91d2e1a0:1872:15)
    at emit (http://localhost:5173/node_modules/.vite/deps/vue.runtime.esm-bundler-2BtxhwZ0.js?v=91d2e1a0:4569:15)
    at http://localhost:5173/node_modules/.vite/deps/vue.runtime.esm-bundler-2BtxhwZ0.js?v=91d2e1a0:6734:41 @ http://localhost:5173/src/composables/useApi.ts:13
[   71025ms] Error: pywebview is not registered
    at updateObject (http://localhost:5173/src/api/object.ts:83:10)
    at callApi (http://localhost:5173/src/composables/useApi.ts:10:25)
    at updateObject (http://localhost:5173/src/composables/useApi.ts:24:44)
    at updateObjectInBackend (http://localhost:5173/src/components/List/List.vue:97:25)
    at Proxy.changeDash (http://localhost:5173/src/components/List/List.vue:67:27)
    at onUpdate:modelValue (http://localhost:5173/src/components/List/List.vue:493:33)
    at callWithErrorHandling (http://localhost:5173/node_modules/.vite/deps/vue.runtime.esm-bundler-2BtxhwZ0.js?v=91d2e1a0:1865:17)
    at callWithAsyncErrorHandling (http://localhost:5173/node_modules/.vite/deps/vue.runtime.esm-bundler-2BtxhwZ0.js?v=91d2e1a0:1872:15)
    at emit (http://localhost:5173/node_modules/.vite/deps/vue.runtime.esm-bundler-2BtxhwZ0.js?v=91d2e1a0:4569:15)
    at http://localhost:5173/node_modules/.vite/deps/vue.runtime.esm-bundler-2BtxhwZ0.js?v=91d2e1a0:6734:41
[   71025ms] [ERROR] API Error: Error: pywebview is not registered
    at updateObject (http://localhost:5173/src/api/object.ts:83:10)
    at callApi (http://localhost:5173/src/composables/useApi.ts:10:25)
    at updateObject (http://localhost:5173/src/composables/useApi.ts:24:44)
    at updateObjectInBackend (http://localhost:5173/src/components/List/List.vue:97:25)
    at Proxy.changeDash (http://localhost:5173/src/components/List/List.vue:67:27)
    at onUpdate:modelValue (http://localhost:5173/src/components/List/List.vue:493:33)
    at callWithErrorHandling (http://localhost:5173/node_modules/.vite/deps/vue.runtime.esm-bundler-2BtxhwZ0.js?v=91d2e1a0:1865:17)
    at callWithAsyncErrorHandling (http://localhost:5173/node_modules/.vite/deps/vue.runtime.esm-bundler-2BtxhwZ0.js?v=91d2e1a0:1872:15)
    at emit (http://localhost:5173/node_modules/.vite/deps/vue.runtime.esm-bundler-2BtxhwZ0.js?v=91d2e1a0:4569:15)
    at http://localhost:5173/node_modules/.vite/deps/vue.runtime.esm-bundler-2BtxhwZ0.js?v=91d2e1a0:6734:41 @ http://localhost:5173/src/api/object.ts:84
[   71031ms] [WARNING] The specified value "" does not conform to the required format.  The format is "#rrggbb" where rr, gg, bb are two-digit hexadecimal numbers. @ http://localhost:5173/node_modules/.vite/deps/vue.runtime.esm-bundler-2BtxhwZ0.js?v=91d2e1a0:8108
[   71033ms] [ERROR] API Error: Error: pywebview is not registered
    at updateObject (http://localhost:5173/src/api/object.ts:83:10)
    at callApi (http://localhost:5173/src/composables/useApi.ts:10:25)
    at updateObject (http://localhost:5173/src/composables/useApi.ts:24:44)
    at updateObjectInBackend (http://localhost:5173/src/components/List/List.vue:97:25)
    at Proxy.changeDash (http://localhost:5173/src/components/List/List.vue:67:27)
    at onUpdate:modelValue (http://localhost:5173/src/components/List/List.vue:493:33)
    at callWithErrorHandling (http://localhost:5173/node_modules/.vite/deps/vue.runtime.esm-bundler-2BtxhwZ0.js?v=91d2e1a0:1865:17)
    at callWithAsyncErrorHandling (http://localhost:5173/node_modules/.vite/deps/vue.runtime.esm-bundler-2BtxhwZ0.js?v=91d2e1a0:1872:15)
    at emit (http://localhost:5173/node_modules/.vite/deps/vue.runtime.esm-bundler-2BtxhwZ0.js?v=91d2e1a0:4569:15)
    at http://localhost:5173/node_modules/.vite/deps/vue.runtime.esm-bundler-2BtxhwZ0.js?v=91d2e1a0:6734:41 @ http://localhost:5173/src/composables/useApi.ts:13
[   71037ms] Error: pywebview is not registered
    at updateObject (http://localhost:5173/src/api/object.ts:83:10)
    at callApi (http://localhost:5173/src/composables/useApi.ts:10:25)
    at updateObject (http://localhost:5173/src/composables/useApi.ts:24:44)
    at updateObjectInBackend (http://localhost:5173/src/components/List/List.vue:97:25)
    at Proxy.changeDash (http://localhost:5173/src/components/List/List.vue:67:27)
    at onUpdate:modelValue (http://localhost:5173/src/components/List/List.vue:493:33)
    at callWithErrorHandling (http://localhost:5173/node_modules/.vite/deps/vue.runtime.esm-bundler-2BtxhwZ0.js?v=91d2e1a0:1865:17)
    at callWithAsyncErrorHandling (http://localhost:5173/node_modules/.vite/deps/vue.runtime.esm-bundler-2BtxhwZ0.js?v=91d2e1a0:1872:15)
    at emit (http://localhost:5173/node_modules/.vite/deps/vue.runtime.esm-bundler-2BtxhwZ0.js?v=91d2e1a0:4569:15)
    at http://localhost:5173/node_modules/.vite/deps/vue.runtime.esm-bundler-2BtxhwZ0.js?v=91d2e1a0:6734:41
[   71038ms] [ERROR] API Error: Error: pywebview is not registered
    at updateObject (http://localhost:5173/src/api/object.ts:83:10)
    at callApi (http://localhost:5173/src/composables/useApi.ts:10:25)
    at updateObject (http://localhost:5173/src/composables/useApi.ts:24:44)
    at updateObjectInBackend (http://localhost:5173/src/components/List/List.vue:97:25)
    at Proxy.changeDash (http://localhost:5173/src/components/List/List.vue:67:27)
    at onUpdate:modelValue (http://localhost:5173/src/components/List/List.vue:493:33)
    at callWithErrorHandling (http://localhost:5173/node_modules/.vite/deps/vue.runtime.esm-bundler-2BtxhwZ0.js?v=91d2e1a0:1865:17)
    at callWithAsyncErrorHandling (http://localhost:5173/node_modules/.vite/deps/vue.runtime.esm-bundler-2BtxhwZ0.js?v=91d2e1a0:1872:15)
    at emit (http://localhost:5173/node_modules/.vite/deps/vue.runtime.esm-bundler-2BtxhwZ0.js?v=91d2e1a0:4569:15)
    at http://localhost:5173/node_modules/.vite/deps/vue.runtime.esm-bundler-2BtxhwZ0.js?v=91d2e1a0:6734:41 @ http://localhost:5173/src/api/object.ts:84
[   71041ms] [WARNING] The specified value "" does not conform to the required format.  The format is "#rrggbb" where rr, gg, bb are two-digit hexadecimal numbers. @ http://localhost:5173/node_modules/.vite/deps/vue.runtime.esm-bundler-2BtxhwZ0.js?v=91d2e1a0:8108
[   71043ms] [ERROR] API Error: Error: pywebview is not registered
    at updateObject (http://localhost:5173/src/api/object.ts:83:10)
    at callApi (http://localhost:5173/src/composables/useApi.ts:10:25)
    at updateObject (http://localhost:5173/src/composables/useApi.ts:24:44)
    at updateObjectInBackend (http://localhost:5173/src/components/List/List.vue:97:25)
    at Proxy.changeDash (http://localhost:5173/src/components/List/List.vue:67:27)
    at onUpdate:modelValue (http://localhost:5173/src/components/List/List.vue:493:33)
    at callWithErrorHandling (http://localhost:5173/node_modules/.vite/deps/vue.runtime.esm-bundler-2BtxhwZ0.js?v=91d2e1a0:1865:17)
    at callWithAsyncErrorHandling (http://localhost:5173/node_modules/.vite/deps/vue.runtime.esm-bundler-2BtxhwZ0.js?v=91d2e1a0:1872:15)
    at emit (http://localhost:5173/node_modules/.vite/deps/vue.runtime.esm-bundler-2BtxhwZ0.js?v=91d2e1a0:4569:15)
    at http://localhost:5173/node_modules/.vite/deps/vue.runtime.esm-bundler-2BtxhwZ0.js?v=91d2e1a0:6734:41 @ http://localhost:5173/src/composables/useApi.ts:13
[   71048ms] Error: pywebview is not registered
    at updateObject (http://localhost:5173/src/api/object.ts:83:10)
    at callApi (http://localhost:5173/src/composables/useApi.ts:10:25)
    at updateObject (http://localhost:5173/src/composables/useApi.ts:24:44)
    at updateObjectInBackend (http://localhost:5173/src/components/List/List.vue:97:25)
    at Proxy.changeDash (http://localhost:5173/src/components/List/List.vue:67:27)
    at onUpdate:modelValue (http://localhost:5173/src/components/List/List.vue:493:33)
    at callWithErrorHandling (http://localhost:5173/node_modules/.vite/deps/vue.runtime.esm-bundler-2BtxhwZ0.js?v=91d2e1a0:1865:17)
    at callWithAsyncErrorHandling (http://localhost:5173/node_modules/.vite/deps/vue.runtime.esm-bundler-2BtxhwZ0.js?v=91d2e1a0:1872:15)
    at emit (http://localhost:5173/node_modules/.vite/deps/vue.runtime.esm-bundler-2BtxhwZ0.js?v=91d2e1a0:4569:15)
    at http://localhost:5173/node_modules/.vite/deps/vue.runtime.esm-bundler-2BtxhwZ0.js?v=91d2e1a0:6734:41
[   71048ms] [ERROR] API Error: Error: pywebview is not registered
    at updateObject (http://localhost:5173/src/api/object.ts:83:10)
    at callApi (http://localhost:5173/src/composables/useApi.ts:10:25)
    at updateObject (http://localhost:5173/src/composables/useApi.ts:24:44)
    at updateObjectInBackend (http://localhost:5173/src/components/List/List.vue:97:25)
    at Proxy.changeDash (http://localhost:5173/src/components/List/List.vue:67:27)
    at onUpdate:modelValue (http://localhost:5173/src/components/List/List.vue:493:33)
    at callWithErrorHandling (http://localhost:5173/node_modules/.vite/deps/vue.runtime.esm-bundler-2BtxhwZ0.js?v=91d2e1a0:1865:17)
    at callWithAsyncErrorHandling (http://localhost:5173/node_modules/.vite/deps/vue.runtime.esm-bundler-2BtxhwZ0.js?v=91d2e1a0:1872:15)
    at emit (http://localhost:5173/node_modules/.vite/deps/vue.runtime.esm-bundler-2BtxhwZ0.js?v=91d2e1a0:4569:15)
    at http://localhost:5173/node_modules/.vite/deps/vue.runtime.esm-bundler-2BtxhwZ0.js?v=91d2e1a0:6734:41 @ http://localhost:5173/src/api/object.ts:84
[   71052ms] [WARNING] The specified value "" does not conform to the required format.  The format is "#rrggbb" where rr, gg, bb are two-digit hexadecimal numbers. @ http://localhost:5173/node_modules/.vite/deps/vue.runtime.esm-bundler-2BtxhwZ0.js?v=91d2e1a0:8108
[   71054ms] [ERROR] API Error: Error: pywebview is not registered
    at updateObject (http://localhost:5173/src/api/object.ts:83:10)
    at callApi (http://localhost:5173/src/composables/useApi.ts:10:25)
    at updateObject (http://localhost:5173/src/composables/useApi.ts:24:44)
    at updateObjectInBackend (http://localhost:5173/src/components/List/List.vue:97:25)
    at Proxy.changeDash (http://localhost:5173/src/components/List/List.vue:67:27)
    at onUpdate:modelValue (http://localhost:5173/src/components/List/List.vue:493:33)
    at callWithErrorHandling (http://localhost:5173/node_modules/.vite/deps/vue.runtime.esm-bundler-2BtxhwZ0.js?v=91d2e1a0:1865:17)
    at callWithAsyncErrorHandling (http://localhost:5173/node_modules/.vite/deps/vue.runtime.esm-bundler-2BtxhwZ0.js?v=91d2e1a0:1872:15)
    at emit (http://localhost:5173/node_modules/.vite/deps/vue.runtime.esm-bundler-2BtxhwZ0.js?v=91d2e1a0:4569:15)
    at http://localhost:5173/node_modules/.vite/deps/vue.runtime.esm-bundler-2BtxhwZ0.js?v=91d2e1a0:6734:41 @ http://localhost:5173/src/composables/useApi.ts:13
[   71059ms] Error: pywebview is not registered
    at updateObject (http://localhost:5173/src/api/object.ts:83:10)
    at callApi (http://localhost:5173/src/composables/useApi.ts:10:25)
    at updateObject (http://localhost:5173/src/composables/useApi.ts:24:44)
    at updateObjectInBackend (http://localhost:5173/src/components/List/List.vue:97:25)
    at Proxy.changeDash (http://localhost:5173/src/components/List/List.vue:67:27)
    at onUpdate:modelValue (http://localhost:5173/src/components/List/List.vue:493:33)
    at callWithErrorHandling (http://localhost:5173/node_modules/.vite/deps/vue.runtime.esm-bundler-2BtxhwZ0.js?v=91d2e1a0:1865:17)
    at callWithAsyncErrorHandling (http://localhost:5173/node_modules/.vite/deps/vue.runtime.esm-bundler-2BtxhwZ0.js?v=91d2e1a0:1872:15)
    at emit (http://localhost:5173/node_modules/.vite/deps/vue.runtime.esm-bundler-2BtxhwZ0.js?v=91d2e1a0:4569:15)
    at http://localhost:5173/node_modules/.vite/deps/vue.runtime.esm-bundler-2BtxhwZ0.js?v=91d2e1a0:6734:41
[   71058ms] [ERROR] API Error: Error: pywebview is not registered
    at updateObject (http://localhost:5173/src/api/object.ts:83:10)
    at callApi (http://localhost:5173/src/composables/useApi.ts:10:25)
    at updateObject (http://localhost:5173/src/composables/useApi.ts:24:44)
    at updateObjectInBackend (http://localhost:5173/src/components/List/List.vue:97:25)
    at Proxy.changeDash (http://localhost:5173/src/components/List/List.vue:67:27)
    at onUpdate:modelValue (http://localhost:5173/src/components/List/List.vue:493:33)
    at callWithErrorHandling (http://localhost:5173/node_modules/.vite/deps/vue.runtime.esm-bundler-2BtxhwZ0.js?v=91d2e1a0:1865:17)
    at callWithAsyncErrorHandling (http://localhost:5173/node_modules/.vite/deps/vue.runtime.esm-bundler-2BtxhwZ0.js?v=91d2e1a0:1872:15)
    at emit (http://localhost:5173/node_modules/.vite/deps/vue.runtime.esm-bundler-2BtxhwZ0.js?v=91d2e1a0:4569:15)
    at http://localhost:5173/node_modules/.vite/deps/vue.runtime.esm-bundler-2BtxhwZ0.js?v=91d2e1a0:6734:41 @ http://localhost:5173/src/api/object.ts:84
[   71062ms] [WARNING] The specified value "" does not conform to the required format.  The format is "#rrggbb" where rr, gg, bb are two-digit hexadecimal numbers. @ http://localhost:5173/node_modules/.vite/deps/vue.runtime.esm-bundler-2BtxhwZ0.js?v=91d2e1a0:8108
[   71063ms] [ERROR] API Error: Error: pywebview is not registered
    at updateObject (http://localhost:5173/src/api/object.ts:83:10)
    at callApi (http://localhost:5173/src/composables/useApi.ts:10:25)
    at updateObject (http://localhost:5173/src/composables/useApi.ts:24:44)
    at updateObjectInBackend (http://localhost:5173/src/components/List/List.vue:97:25)
    at Proxy.changeDash (http://localhost:5173/src/components/List/List.vue:67:27)
    at onUpdate:modelValue (http://localhost:5173/src/components/List/List.vue:493:33)
    at callWithErrorHandling (http://localhost:5173/node_modules/.vite/deps/vue.runtime.esm-bundler-2BtxhwZ0.js?v=91d2e1a0:1865:17)
    at callWithAsyncErrorHandling (http://localhost:5173/node_modules/.vite/deps/vue.runtime.esm-bundler-2BtxhwZ0.js?v=91d2e1a0:1872:15)
    at emit (http://localhost:5173/node_modules/.vite/deps/vue.runtime.esm-bundler-2BtxhwZ0.js?v=91d2e1a0:4569:15)
    at http://localhost:5173/node_modules/.vite/deps/vue.runtime.esm-bundler-2BtxhwZ0.js?v=91d2e1a0:6734:41 @ http://localhost:5173/src/composables/useApi.ts:13
[   71070ms] Error: pywebview is not registered
    at updateObject (http://localhost:5173/src/api/object.ts:83:10)
    at callApi (http://localhost:5173/src/composables/useApi.ts:10:25)
    at updateObject (http://localhost:5173/src/composables/useApi.ts:24:44)
    at updateObjectInBackend (http://localhost:5173/src/components/List/List.vue:97:25)
    at Proxy.changeDash (http://localhost:5173/src/components/List/List.vue:67:27)
    at onUpdate:modelValue (http://localhost:5173/src/components/List/List.vue:493:33)
    at callWithErrorHandling (http://localhost:5173/node_modules/.vite/deps/vue.runtime.esm-bundler-2BtxhwZ0.js?v=91d2e1a0:1865:17)
    at callWithAsyncErrorHandling (http://localhost:5173/node_modules/.vite/deps/vue.runtime.esm-bundler-2BtxhwZ0.js?v=91d2e1a0:1872:15)
    at emit (http://localhost:5173/node_modules/.vite/deps/vue.runtime.esm-bundler-2BtxhwZ0.js?v=91d2e1a0:4569:15)
    at http://localhost:5173/node_modules/.vite/deps/vue.runtime.esm-bundler-2BtxhwZ0.js?v=91d2e1a0:6734:41
[   71068ms] [ERROR] API Error: Error: pywebview is not registered
    at updateObject (http://localhost:5173/src/api/object.ts:83:10)
    at callApi (http://localhost:5173/src/composables/useApi.ts:10:25)
    at updateObject (http://localhost:5173/src/composables/useApi.ts:24:44)
    at updateObjectInBackend (http://localhost:5173/src/components/List/List.vue:97:25)
    at Proxy.changeDash (http://localhost:5173/src/components/List/List.vue:67:27)
    at onUpdate:modelValue (http://localhost:5173/src/components/List/List.vue:493:33)
    at callWithErrorHandling (http://localhost:5173/node_modules/.vite/deps/vue.runtime.esm-bundler-2BtxhwZ0.js?v=91d2e1a0:1865:17)
    at callWithAsyncErrorHandling (http://localhost:5173/node_modules/.vite/deps/vue.runtime.esm-bundler-2BtxhwZ0.js?v=91d2e1a0:1872:15)
    at emit (http://localhost:5173/node_modules/.vite/deps/vue.runtime.esm-bundler-2BtxhwZ0.js?v=91d2e1a0:4569:15)
    at http://localhost:5173/node_modules/.vite/deps/vue.runtime.esm-bundler-2BtxhwZ0.js?v=91d2e1a0:6734:41 @ http://localhost:5173/src/api/object.ts:84
[   71072ms] [WARNING] The specified value "" does not conform to the required format.  The format is "#rrggbb" where rr, gg, bb are two-digit hexadecimal numbers. @ http://localhost:5173/node_modules/.vite/deps/vue.runtime.esm-bundler-2BtxhwZ0.js?v=91d2e1a0:8108
[   71074ms] [ERROR] API Error: Error: pywebview is not registered
    at updateObject (http://localhost:5173/src/api/object.ts:83:10)
    at callApi (http://localhost:5173/src/composables/useApi.ts:10:25)
    at updateObject (http://localhost:5173/src/composables/useApi.ts:24:44)
    at updateObjectInBackend (http://localhost:5173/src/components/List/List.vue:97:25)
    at Proxy.changeDash (http://localhost:5173/src/components/List/List.vue:67:27)
    at onUpdate:modelValue (http://localhost:5173/src/components/List/List.vue:493:33)
    at callWithErrorHandling (http://localhost:5173/node_modules/.vite/deps/vue.runtime.esm-bundler-2BtxhwZ0.js?v=91d2e1a0:1865:17)
    at callWithAsyncErrorHandling (http://localhost:5173/node_modules/.vite/deps/vue.runtime.esm-bundler-2BtxhwZ0.js?v=91d2e1a0:1872:15)
    at emit (http://localhost:5173/node_modules/.vite/deps/vue.runtime.esm-bundler-2BtxhwZ0.js?v=91d2e1a0:4569:15)
    at http://localhost:5173/node_modules/.vite/deps/vue.runtime.esm-bundler-2BtxhwZ0.js?v=91d2e1a0:6734:41 @ http://localhost:5173/src/composables/useApi.ts:13
[   71081ms] Error: pywebview is not registered
    at updateObject (http://localhost:5173/src/api/object.ts:83:10)
    at callApi (http://localhost:5173/src/composables/useApi.ts:10:25)
    at updateObject (http://localhost:5173/src/composables/useApi.ts:24:44)
    at updateObjectInBackend (http://localhost:5173/src/components/List/List.vue:97:25)
    at Proxy.changeDash (http://localhost:5173/src/components/List/List.vue:67:27)
    at onUpdate:modelValue (http://localhost:5173/src/components/List/List.vue:493:33)
    at callWithErrorHandling (http://localhost:5173/node_modules/.vite/deps/vue.runtime.esm-bundler-2BtxhwZ0.js?v=91d2e1a0:1865:17)
    at callWithAsyncErrorHandling (http://localhost:5173/node_modules/.vite/deps/vue.runtime.esm-bundler-2BtxhwZ0.js?v=91d2e1a0:1872:15)
    at emit (http://localhost:5173/node_modules/.vite/deps/vue.runtime.esm-bundler-2BtxhwZ0.js?v=91d2e1a0:4569:15)
    at http://localhost:5173/node_modules/.vite/deps/vue.runtime.esm-bundler-2BtxhwZ0.js?v=91d2e1a0:6734:41
[   72395ms] [ERROR] API Error: Error: pywebview is not registered
    at updateObject (http://localhost:5173/src/api/object.ts:83:10)
    at callApi (http://localhost:5173/src/composables/useApi.ts:10:25)
    at updateObject (http://localhost:5173/src/composables/useApi.ts:24:44)
    at updateObjectInBackend (http://localhost:5173/src/components/List/List.vue:97:25)
    at Proxy.toggleStroke (http://localhost:5173/src/components/List/List.vue:57:27)
    at onClick (http://localhost:5173/src/components/List/List.vue:460:42)
    at http://localhost:5173/node_modules/.vite/deps/vue.runtime.esm-bundler-2BtxhwZ0.js?v=91d2e1a0:7545:58
    at callWithErrorHandling (http://localhost:5173/node_modules/.vite/deps/vue.runtime.esm-bundler-2BtxhwZ0.js?v=91d2e1a0:1865:17)
    at callWithAsyncErrorHandling (http://localhost:5173/node_modules/.vite/deps/vue.runtime.esm-bundler-2BtxhwZ0.js?v=91d2e1a0:1872:15)
    at callWithAsyncErrorHandling (http://localhost:5173/node_modules/.vite/deps/vue.runtime.esm-bundler-2BtxhwZ0.js?v=91d2e1a0:1880:51) @ http://localhost:5173/src/api/object.ts:84
[   72398ms] [WARNING] The specified value "" does not conform to the required format.  The format is "#rrggbb" where rr, gg, bb are two-digit hexadecimal numbers. @ http://localhost:5173/node_modules/.vite/deps/vue.runtime.esm-bundler-2BtxhwZ0.js?v=91d2e1a0:8108
[   72400ms] [ERROR] API Error: Error: pywebview is not registered
    at updateObject (http://localhost:5173/src/api/object.ts:83:10)
    at callApi (http://localhost:5173/src/composables/useApi.ts:10:25)
    at updateObject (http://localhost:5173/src/composables/useApi.ts:24:44)
    at updateObjectInBackend (http://localhost:5173/src/components/List/List.vue:97:25)
    at Proxy.toggleStroke (http://localhost:5173/src/components/List/List.vue:57:27)
    at onClick (http://localhost:5173/src/components/List/List.vue:460:42)
    at http://localhost:5173/node_modules/.vite/deps/vue.runtime.esm-bundler-2BtxhwZ0.js?v=91d2e1a0:7545:58
    at callWithErrorHandling (http://localhost:5173/node_modules/.vite/deps/vue.runtime.esm-bundler-2BtxhwZ0.js?v=91d2e1a0:1865:17)
    at callWithAsyncErrorHandling (http://localhost:5173/node_modules/.vite/deps/vue.runtime.esm-bundler-2BtxhwZ0.js?v=91d2e1a0:1872:15)
    at callWithAsyncErrorHandling (http://localhost:5173/node_modules/.vite/deps/vue.runtime.esm-bundler-2BtxhwZ0.js?v=91d2e1a0:1880:51) @ http://localhost:5173/src/composables/useApi.ts:13
[   72401ms] [WARNING] [Vue warn]: Unhandled error during execution of native event handler 
  at <Primitive ref=fn<forwardRef> type="button" as-child=false  ... > 
  at <Toggle data-slot="toggle" disabled=false modelValue=false  ... > 
  at <Toggle model-value=false onClick=fn<onClick> size="default"  ... > 
  at <CardDescription> 
  at <CardContent> 
  at <Card key="1f122399-97a8-65e0-8ec2-a8416cb2169a" class="relative mx-auto w-full max-w-sm pt-0 min-w-58" > 
  at <List> 
  at <Primitive id="reka-splitter-panel-v-5" style= {flexBasis: 0, flexGrow: 75.0, flexShrink: 1, overflow: hidden, pointerEvents: undefined} as=undefined  ... > 
  at <SplitterPanel ref=fn<forwardRef> data-slot="resizable-panel" defaultSize=75  ... > 
  at <ResizablePanel default-size=75 > 
  at <Primitive ref=fn<forwardRef> as=undefined as-child=false  ... > 
  at <SplitterGroup data-slot="resizable-panel-group" direction="vertical" onLayout=fn  ... > 
  at <ResizablePanelGroup direction="vertical" > 
  at <Primitive id="reka-splitter-panel-v-1" style= {flexBasis: 0, flexGrow: 33.3, flexShrink: 1, overflow: hidden, pointerEvents: undefined} as=undefined  ... > 
  at <SplitterPanel ref=fn<forwardRef> data-slot="resizable-panel" defaultSize=50  ... > 
  at <ResizablePanel default-size=50 > 
  at <Primitive ref=fn<forwardRef> as=undefined as-child=false  ... > 
  at <SplitterGroup data-slot="resizable-panel-group" direction="horizontal" onLayout=fn  ... > 
  at <ResizablePanelGroup direction="horizontal" class="max-w-dvwx min-h-11/12 rounded-lg border mt-1" > 
  at <MapPanel> 
  at <Main> 
  at <App> @ http://localhost:5173/node_modules/.vite/deps/vue.runtime.esm-bundler-2BtxhwZ0.js?v=91d2e1a0:1727
[   72405ms] Error: pywebview is not registered
    at updateObject (http://localhost:5173/src/api/object.ts:83:10)
    at callApi (http://localhost:5173/src/composables/useApi.ts:10:25)
    at updateObject (http://localhost:5173/src/composables/useApi.ts:24:44)
    at updateObjectInBackend (http://localhost:5173/src/components/List/List.vue:97:25)
    at Proxy.toggleStroke (http://localhost:5173/src/components/List/List.vue:57:27)
    at onClick (http://localhost:5173/src/components/List/List.vue:460:42)
    at http://localhost:5173/node_modules/.vite/deps/vue.runtime.esm-bundler-2BtxhwZ0.js?v=91d2e1a0:7545:58
    at callWithErrorHandling (http://localhost:5173/node_modules/.vite/deps/vue.runtime.esm-bundler-2BtxhwZ0.js?v=91d2e1a0:1865:17)
    at callWithAsyncErrorHandling (http://localhost:5173/node_modules/.vite/deps/vue.runtime.esm-bundler-2BtxhwZ0.js?v=91d2e1a0:1872:15)
    at callWithAsyncErrorHandling (http://localhost:5173/node_modules/.vite/deps/vue.runtime.esm-bundler-2BtxhwZ0.js?v=91d2e1a0:1880:51)
[   73187ms] [ERROR] API Error: Error: pywebview is not registered
    at updateObject (http://localhost:5173/src/api/object.ts:83:10)
    at callApi (http://localhost:5173/src/composables/useApi.ts:10:25)
    at updateObject (http://localhost:5173/src/composables/useApi.ts:24:44)
    at updateObjectInBackend (http://localhost:5173/src/components/List/List.vue:97:25)
    at Proxy.changeFillOpacity (http://localhost:5173/src/components/List/List.vue:75:27)
    at onUpdate:modelValue (http://localhost:5173/src/components/List/List.vue:522:34)
    at callWithErrorHandling (http://localhost:5173/node_modules/.vite/deps/vue.runtime.esm-bundler-2BtxhwZ0.js?v=91d2e1a0:1865:17)
    at callWithAsyncErrorHandling (http://localhost:5173/node_modules/.vite/deps/vue.runtime.esm-bundler-2BtxhwZ0.js?v=91d2e1a0:1872:15)
    at emit (http://localhost:5173/node_modules/.vite/deps/vue.runtime.esm-bundler-2BtxhwZ0.js?v=91d2e1a0:4569:15)
    at http://localhost:5173/node_modules/.vite/deps/vue.runtime.esm-bundler-2BtxhwZ0.js?v=91d2e1a0:6734:41 @ http://localhost:5173/src/api/object.ts:84
[   73191ms] [WARNING] The specified value "" does not conform to the required format.  The format is "#rrggbb" where rr, gg, bb are two-digit hexadecimal numbers. @ http://localhost:5173/node_modules/.vite/deps/vue.runtime.esm-bundler-2BtxhwZ0.js?v=91d2e1a0:8108
[   73192ms] [ERROR] API Error: Error: pywebview is not registered
    at updateObject (http://localhost:5173/src/api/object.ts:83:10)
    at callApi (http://localhost:5173/src/composables/useApi.ts:10:25)
    at updateObject (http://localhost:5173/src/composables/useApi.ts:24:44)
    at updateObjectInBackend (http://localhost:5173/src/components/List/List.vue:97:25)
    at Proxy.changeFillOpacity (http://localhost:5173/src/components/List/List.vue:75:27)
    at onUpdate:modelValue (http://localhost:5173/src/components/List/List.vue:522:34)
    at callWithErrorHandling (http://localhost:5173/node_modules/.vite/deps/vue.runtime.esm-bundler-2BtxhwZ0.js?v=91d2e1a0:1865:17)
    at callWithAsyncErrorHandling (http://localhost:5173/node_modules/.vite/deps/vue.runtime.esm-bundler-2BtxhwZ0.js?v=91d2e1a0:1872:15)
    at emit (http://localhost:5173/node_modules/.vite/deps/vue.runtime.esm-bundler-2BtxhwZ0.js?v=91d2e1a0:4569:15)
    at http://localhost:5173/node_modules/.vite/deps/vue.runtime.esm-bundler-2BtxhwZ0.js?v=91d2e1a0:6734:41 @ http://localhost:5173/src/composables/useApi.ts:13
[   73199ms] Error: pywebview is not registered
    at updateObject (http://localhost:5173/src/api/object.ts:83:10)
    at callApi (http://localhost:5173/src/composables/useApi.ts:10:25)
    at updateObject (http://localhost:5173/src/composables/useApi.ts:24:44)
    at updateObjectInBackend (http://localhost:5173/src/components/List/List.vue:97:25)
    at Proxy.changeFillOpacity (http://localhost:5173/src/components/List/List.vue:75:27)
    at onUpdate:modelValue (http://localhost:5173/src/components/List/List.vue:522:34)
    at callWithErrorHandling (http://localhost:5173/node_modules/.vite/deps/vue.runtime.esm-bundler-2BtxhwZ0.js?v=91d2e1a0:1865:17)
    at callWithAsyncErrorHandling (http://localhost:5173/node_modules/.vite/deps/vue.runtime.esm-bundler-2BtxhwZ0.js?v=91d2e1a0:1872:15)
    at emit (http://localhost:5173/node_modules/.vite/deps/vue.runtime.esm-bundler-2BtxhwZ0.js?v=91d2e1a0:4569:15)
    at http://localhost:5173/node_modules/.vite/deps/vue.runtime.esm-bundler-2BtxhwZ0.js?v=91d2e1a0:6734:41
[   73198ms] [ERROR] API Error: Error: pywebview is not registered
    at updateObject (http://localhost:5173/src/api/object.ts:83:10)
    at callApi (http://localhost:5173/src/composables/useApi.ts:10:25)
    at updateObject (http://localhost:5173/src/composables/useApi.ts:24:44)
    at updateObjectInBackend (http://localhost:5173/src/components/List/List.vue:97:25)
    at Proxy.changeFillOpacity (http://localhost:5173/src/components/List/List.vue:75:27)
    at onUpdate:modelValue (http://localhost:5173/src/components/List/List.vue:522:34)
    at callWithErrorHandling (http://localhost:5173/node_modules/.vite/deps/vue.runtime.esm-bundler-2BtxhwZ0.js?v=91d2e1a0:1865:17)
    at callWithAsyncErrorHandling (http://localhost:5173/node_modules/.vite/deps/vue.runtime.esm-bundler-2BtxhwZ0.js?v=91d2e1a0:1872:15)
    at emit (http://localhost:5173/node_modules/.vite/deps/vue.runtime.esm-bundler-2BtxhwZ0.js?v=91d2e1a0:4569:15)
    at http://localhost:5173/node_modules/.vite/deps/vue.runtime.esm-bundler-2BtxhwZ0.js?v=91d2e1a0:6734:41 @ http://localhost:5173/src/api/object.ts:84
[   73204ms] [WARNING] The specified value "" does not conform to the required format.  The format is "#rrggbb" where rr, gg, bb are two-digit hexadecimal numbers. @ http://localhost:5173/node_modules/.vite/deps/vue.runtime.esm-bundler-2BtxhwZ0.js?v=91d2e1a0:8108
[   73206ms] [ERROR] API Error: Error: pywebview is not registered
    at updateObject (http://localhost:5173/src/api/object.ts:83:10)
    at callApi (http://localhost:5173/src/composables/useApi.ts:10:25)
    at updateObject (http://localhost:5173/src/composables/useApi.ts:24:44)
    at updateObjectInBackend (http://localhost:5173/src/components/List/List.vue:97:25)
    at Proxy.changeFillOpacity (http://localhost:5173/src/components/List/List.vue:75:27)
    at onUpdate:modelValue (http://localhost:5173/src/components/List/List.vue:522:34)
    at callWithErrorHandling (http://localhost:5173/node_modules/.vite/deps/vue.runtime.esm-bundler-2BtxhwZ0.js?v=91d2e1a0:1865:17)
    at callWithAsyncErrorHandling (http://localhost:5173/node_modules/.vite/deps/vue.runtime.esm-bundler-2BtxhwZ0.js?v=91d2e1a0:1872:15)
    at emit (http://localhost:5173/node_modules/.vite/deps/vue.runtime.esm-bundler-2BtxhwZ0.js?v=91d2e1a0:4569:15)
    at http://localhost:5173/node_modules/.vite/deps/vue.runtime.esm-bundler-2BtxhwZ0.js?v=91d2e1a0:6734:41 @ http://localhost:5173/src/composables/useApi.ts:13
[   73214ms] Error: pywebview is not registered
    at updateObject (http://localhost:5173/src/api/object.ts:83:10)
    at callApi (http://localhost:5173/src/composables/useApi.ts:10:25)
    at updateObject (http://localhost:5173/src/composables/useApi.ts:24:44)
    at updateObjectInBackend (http://localhost:5173/src/components/List/List.vue:97:25)
    at Proxy.changeFillOpacity (http://localhost:5173/src/components/List/List.vue:75:27)
    at onUpdate:modelValue (http://localhost:5173/src/components/List/List.vue:522:34)
    at callWithErrorHandling (http://localhost:5173/node_modules/.vite/deps/vue.runtime.esm-bundler-2BtxhwZ0.js?v=91d2e1a0:1865:17)
    at callWithAsyncErrorHandling (http://localhost:5173/node_modules/.vite/deps/vue.runtime.esm-bundler-2BtxhwZ0.js?v=91d2e1a0:1872:15)
    at emit (http://localhost:5173/node_modules/.vite/deps/vue.runtime.esm-bundler-2BtxhwZ0.js?v=91d2e1a0:4569:15)
    at http://localhost:5173/node_modules/.vite/deps/vue.runtime.esm-bundler-2BtxhwZ0.js?v=91d2e1a0:6734:41
[   73212ms] [ERROR] API Error: Error: pywebview is not registered
    at updateObject (http://localhost:5173/src/api/object.ts:83:10)
    at callApi (http://localhost:5173/src/composables/useApi.ts:10:25)
    at updateObject (http://localhost:5173/src/composables/useApi.ts:24:44)
    at updateObjectInBackend (http://localhost:5173/src/components/List/List.vue:97:25)
    at Proxy.changeFillOpacity (http://localhost:5173/src/components/List/List.vue:75:27)
    at onUpdate:modelValue (http://localhost:5173/src/components/List/List.vue:522:34)
    at callWithErrorHandling (http://localhost:5173/node_modules/.vite/deps/vue.runtime.esm-bundler-2BtxhwZ0.js?v=91d2e1a0:1865:17)
    at callWithAsyncErrorHandling (http://localhost:5173/node_modules/.vite/deps/vue.runtime.esm-bundler-2BtxhwZ0.js?v=91d2e1a0:1872:15)
    at emit (http://localhost:5173/node_modules/.vite/deps/vue.runtime.esm-bundler-2BtxhwZ0.js?v=91d2e1a0:4569:15)
    at http://localhost:5173/node_modules/.vite/deps/vue.runtime.esm-bundler-2BtxhwZ0.js?v=91d2e1a0:6734:41 @ http://localhost:5173/src/api/object.ts:84
[   73218ms] [WARNING] The specified value "" does not conform to the required format.  The format is "#rrggbb" where rr, gg, bb are two-digit hexadecimal numbers. @ http://localhost:5173/node_modules/.vite/deps/vue.runtime.esm-bundler-2BtxhwZ0.js?v=91d2e1a0:8108
[   73221ms] [ERROR] API Error: Error: pywebview is not registered
    at updateObject (http://localhost:5173/src/api/object.ts:83:10)
    at callApi (http://localhost:5173/src/composables/useApi.ts:10:25)
    at updateObject (http://localhost:5173/src/composables/useApi.ts:24:44)
    at updateObjectInBackend (http://localhost:5173/src/components/List/List.vue:97:25)
    at Proxy.changeFillOpacity (http://localhost:5173/src/components/List/List.vue:75:27)
    at onUpdate:modelValue (http://localhost:5173/src/components/List/List.vue:522:34)
    at callWithErrorHandling (http://localhost:5173/node_modules/.vite/deps/vue.runtime.esm-bundler-2BtxhwZ0.js?v=91d2e1a0:1865:17)
    at callWithAsyncErrorHandling (http://localhost:5173/node_modules/.vite/deps/vue.runtime.esm-bundler-2BtxhwZ0.js?v=91d2e1a0:1872:15)
    at emit (http://localhost:5173/node_modules/.vite/deps/vue.runtime.esm-bundler-2BtxhwZ0.js?v=91d2e1a0:4569:15)
    at http://localhost:5173/node_modules/.vite/deps/vue.runtime.esm-bundler-2BtxhwZ0.js?v=91d2e1a0:6734:41 @ http://localhost:5173/src/composables/useApi.ts:13
[   73230ms] Error: pywebview is not registered
    at updateObject (http://localhost:5173/src/api/object.ts:83:10)
    at callApi (http://localhost:5173/src/composables/useApi.ts:10:25)
    at updateObject (http://localhost:5173/src/composables/useApi.ts:24:44)
    at updateObjectInBackend (http://localhost:5173/src/components/List/List.vue:97:25)
    at Proxy.changeFillOpacity (http://localhost:5173/src/components/List/List.vue:75:27)
    at onUpdate:modelValue (http://localhost:5173/src/components/List/List.vue:522:34)
    at callWithErrorHandling (http://localhost:5173/node_modules/.vite/deps/vue.runtime.esm-bundler-2BtxhwZ0.js?v=91d2e1a0:1865:17)
    at callWithAsyncErrorHandling (http://localhost:5173/node_modules/.vite/deps/vue.runtime.esm-bundler-2BtxhwZ0.js?v=91d2e1a0:1872:15)
    at emit (http://localhost:5173/node_modules/.vite/deps/vue.runtime.esm-bundler-2BtxhwZ0.js?v=91d2e1a0:4569:15)
    at http://localhost:5173/node_modules/.vite/deps/vue.runtime.esm-bundler-2BtxhwZ0.js?v=91d2e1a0:6734:41
[   73227ms] [ERROR] API Error: Error: pywebview is not registered
    at updateObject (http://localhost:5173/src/api/object.ts:83:10)
    at callApi (http://localhost:5173/src/composables/useApi.ts:10:25)
    at updateObject (http://localhost:5173/src/composables/useApi.ts:24:44)
    at updateObjectInBackend (http://localhost:5173/src/components/List/List.vue:97:25)
    at Proxy.changeFillOpacity (http://localhost:5173/src/components/List/List.vue:75:27)
    at onUpdate:modelValue (http://localhost:5173/src/components/List/List.vue:522:34)
    at callWithErrorHandling (http://localhost:5173/node_modules/.vite/deps/vue.runtime.esm-bundler-2BtxhwZ0.js?v=91d2e1a0:1865:17)
    at callWithAsyncErrorHandling (http://localhost:5173/node_modules/.vite/deps/vue.runtime.esm-bundler-2BtxhwZ0.js?v=91d2e1a0:1872:15)
    at emit (http://localhost:5173/node_modules/.vite/deps/vue.runtime.esm-bundler-2BtxhwZ0.js?v=91d2e1a0:4569:15)
    at http://localhost:5173/node_modules/.vite/deps/vue.runtime.esm-bundler-2BtxhwZ0.js?v=91d2e1a0:6734:41 @ http://localhost:5173/src/api/object.ts:84
[   73231ms] [WARNING] The specified value "" does not conform to the required format.  The format is "#rrggbb" where rr, gg, bb are two-digit hexadecimal numbers. @ http://localhost:5173/node_modules/.vite/deps/vue.runtime.esm-bundler-2BtxhwZ0.js?v=91d2e1a0:8108
[   73232ms] [ERROR] API Error: Error: pywebview is not registered
    at updateObject (http://localhost:5173/src/api/object.ts:83:10)
    at callApi (http://localhost:5173/src/composables/useApi.ts:10:25)
    at updateObject (http://localhost:5173/src/composables/useApi.ts:24:44)
    at updateObjectInBackend (http://localhost:5173/src/components/List/List.vue:97:25)
    at Proxy.changeFillOpacity (http://localhost:5173/src/components/List/List.vue:75:27)
    at onUpdate:modelValue (http://localhost:5173/src/components/List/List.vue:522:34)
    at callWithErrorHandling (http://localhost:5173/node_modules/.vite/deps/vue.runtime.esm-bundler-2BtxhwZ0.js?v=91d2e1a0:1865:17)
    at callWithAsyncErrorHandling (http://localhost:5173/node_modules/.vite/deps/vue.runtime.esm-bundler-2BtxhwZ0.js?v=91d2e1a0:1872:15)
    at emit (http://localhost:5173/node_modules/.vite/deps/vue.runtime.esm-bundler-2BtxhwZ0.js?v=91d2e1a0:4569:15)
    at http://localhost:5173/node_modules/.vite/deps/vue.runtime.esm-bundler-2BtxhwZ0.js?v=91d2e1a0:6734:41 @ http://localhost:5173/src/composables/useApi.ts:13
[   73238ms] [ERROR] API Error: Error: pywebview is not registered
    at updateObject (http://localhost:5173/src/api/object.ts:83:10)
    at callApi (http://localhost:5173/src/composables/useApi.ts:10:25)
    at updateObject (http://localhost:5173/src/composables/useApi.ts:24:44)
    at updateObjectInBackend (http://localhost:5173/src/components/List/List.vue:97:25)
    at Proxy.changeFillOpacity (http://localhost:5173/src/components/List/List.vue:75:27)
    at onUpdate:modelValue (http://localhost:5173/src/components/List/List.vue:522:34)
    at callWithErrorHandling (http://localhost:5173/node_modules/.vite/deps/vue.runtime.esm-bundler-2BtxhwZ0.js?v=91d2e1a0:1865:17)
    at callWithAsyncErrorHandling (http://localhost:5173/node_modules/.vite/deps/vue.runtime.esm-bundler-2BtxhwZ0.js?v=91d2e1a0:1872:15)
    at emit (http://localhost:5173/node_modules/.vite/deps/vue.runtime.esm-bundler-2BtxhwZ0.js?v=91d2e1a0:4569:15)
    at http://localhost:5173/node_modules/.vite/deps/vue.runtime.esm-bundler-2BtxhwZ0.js?v=91d2e1a0:6734:41 @ http://localhost:5173/src/api/object.ts:84
[   73241ms] [WARNING] The specified value "" does not conform to the required format.  The format is "#rrggbb" where rr, gg, bb are two-digit hexadecimal numbers. @ http://localhost:5173/node_modules/.vite/deps/vue.runtime.esm-bundler-2BtxhwZ0.js?v=91d2e1a0:8108
[   73243ms] [ERROR] API Error: Error: pywebview is not registered
    at updateObject (http://localhost:5173/src/api/object.ts:83:10)
    at callApi (http://localhost:5173/src/composables/useApi.ts:10:25)
    at updateObject (http://localhost:5173/src/composables/useApi.ts:24:44)
    at updateObjectInBackend (http://localhost:5173/src/components/List/List.vue:97:25)
    at Proxy.changeFillOpacity (http://localhost:5173/src/components/List/List.vue:75:27)
    at onUpdate:modelValue (http://localhost:5173/src/components/List/List.vue:522:34)
    at callWithErrorHandling (http://localhost:5173/node_modules/.vite/deps/vue.runtime.esm-bundler-2BtxhwZ0.js?v=91d2e1a0:1865:17)
    at callWithAsyncErrorHandling (http://localhost:5173/node_modules/.vite/deps/vue.runtime.esm-bundler-2BtxhwZ0.js?v=91d2e1a0:1872:15)
    at emit (http://localhost:5173/node_modules/.vite/deps/vue.runtime.esm-bundler-2BtxhwZ0.js?v=91d2e1a0:4569:15)
    at http://localhost:5173/node_modules/.vite/deps/vue.runtime.esm-bundler-2BtxhwZ0.js?v=91d2e1a0:6734:41 @ http://localhost:5173/src/composables/useApi.ts:13
[   73251ms] Error: pywebview is not registered
    at updateObject (http://localhost:5173/src/api/object.ts:83:10)
    at callApi (http://localhost:5173/src/composables/useApi.ts:10:25)
    at updateObject (http://localhost:5173/src/composables/useApi.ts:24:44)
    at updateObjectInBackend (http://localhost:5173/src/components/List/List.vue:97:25)
    at Proxy.changeFillOpacity (http://localhost:5173/src/components/List/List.vue:75:27)
    at onUpdate:modelValue (http://localhost:5173/src/components/List/List.vue:522:34)
    at callWithErrorHandling (http://localhost:5173/node_modules/.vite/deps/vue.runtime.esm-bundler-2BtxhwZ0.js?v=91d2e1a0:1865:17)
    at callWithAsyncErrorHandling (http://localhost:5173/node_modules/.vite/deps/vue.runtime.esm-bundler-2BtxhwZ0.js?v=91d2e1a0:1872:15)
    at emit (http://localhost:5173/node_modules/.vite/deps/vue.runtime.esm-bundler-2BtxhwZ0.js?v=91d2e1a0:4569:15)
    at http://localhost:5173/node_modules/.vite/deps/vue.runtime.esm-bundler-2BtxhwZ0.js?v=91d2e1a0:6734:41
[   73248ms] [ERROR] API Error: Error: pywebview is not registered
    at updateObject (http://localhost:5173/src/api/object.ts:83:10)
    at callApi (http://localhost:5173/src/composables/useApi.ts:10:25)
    at updateObject (http://localhost:5173/src/composables/useApi.ts:24:44)
    at updateObjectInBackend (http://localhost:5173/src/components/List/List.vue:97:25)
    at Proxy.changeFillOpacity (http://localhost:5173/src/components/List/List.vue:75:27)
    at onUpdate:modelValue (http://localhost:5173/src/components/List/List.vue:522:34)
    at callWithErrorHandling (http://localhost:5173/node_modules/.vite/deps/vue.runtime.esm-bundler-2BtxhwZ0.js?v=91d2e1a0:1865:17)
    at callWithAsyncErrorHandling (http://localhost:5173/node_modules/.vite/deps/vue.runtime.esm-bundler-2BtxhwZ0.js?v=91d2e1a0:1872:15)
    at emit (http://localhost:5173/node_modules/.vite/deps/vue.runtime.esm-bundler-2BtxhwZ0.js?v=91d2e1a0:4569:15)
    at http://localhost:5173/node_modules/.vite/deps/vue.runtime.esm-bundler-2BtxhwZ0.js?v=91d2e1a0:6734:41 @ http://localhost:5173/src/api/object.ts:84
[   73253ms] [WARNING] The specified value "" does not conform to the required format.  The format is "#rrggbb" where rr, gg, bb are two-digit hexadecimal numbers. @ http://localhost:5173/node_modules/.vite/deps/vue.runtime.esm-bundler-2BtxhwZ0.js?v=91d2e1a0:8108
[   73255ms] [ERROR] API Error: Error: pywebview is not registered
    at updateObject (http://localhost:5173/src/api/object.ts:83:10)
    at callApi (http://localhost:5173/src/composables/useApi.ts:10:25)
    at updateObject (http://localhost:5173/src/composables/useApi.ts:24:44)
    at updateObjectInBackend (http://localhost:5173/src/components/List/List.vue:97:25)
    at Proxy.changeFillOpacity (http://localhost:5173/src/components/List/List.vue:75:27)
    at onUpdate:modelValue (http://localhost:5173/src/components/List/List.vue:522:34)
    at callWithErrorHandling (http://localhost:5173/node_modules/.vite/deps/vue.runtime.esm-bundler-2BtxhwZ0.js?v=91d2e1a0:1865:17)
    at callWithAsyncErrorHandling (http://localhost:5173/node_modules/.vite/deps/vue.runtime.esm-bundler-2BtxhwZ0.js?v=91d2e1a0:1872:15)
    at emit (http://localhost:5173/node_modules/.vite/deps/vue.runtime.esm-bundler-2BtxhwZ0.js?v=91d2e1a0:4569:15)
    at http://localhost:5173/node_modules/.vite/deps/vue.runtime.esm-bundler-2BtxhwZ0.js?v=91d2e1a0:6734:41 @ http://localhost:5173/src/composables/useApi.ts:13
[   73262ms] Error: pywebview is not registered
    at updateObject (http://localhost:5173/src/api/object.ts:83:10)
    at callApi (http://localhost:5173/src/composables/useApi.ts:10:25)
    at updateObject (http://localhost:5173/src/composables/useApi.ts:24:44)
    at updateObjectInBackend (http://localhost:5173/src/components/List/List.vue:97:25)
    at Proxy.changeFillOpacity (http://localhost:5173/src/components/List/List.vue:75:27)
    at onUpdate:modelValue (http://localhost:5173/src/components/List/List.vue:522:34)
    at callWithErrorHandling (http://localhost:5173/node_modules/.vite/deps/vue.runtime.esm-bundler-2BtxhwZ0.js?v=91d2e1a0:1865:17)
    at callWithAsyncErrorHandling (http://localhost:5173/node_modules/.vite/deps/vue.runtime.esm-bundler-2BtxhwZ0.js?v=91d2e1a0:1872:15)
    at emit (http://localhost:5173/node_modules/.vite/deps/vue.runtime.esm-bundler-2BtxhwZ0.js?v=91d2e1a0:4569:15)
    at http://localhost:5173/node_modules/.vite/deps/vue.runtime.esm-bundler-2BtxhwZ0.js?v=91d2e1a0:6734:41
[   73261ms] [ERROR] API Error: Error: pywebview is not registered
    at updateObject (http://localhost:5173/src/api/object.ts:83:10)
    at callApi (http://localhost:5173/src/composables/useApi.ts:10:25)
    at updateObject (http://localhost:5173/src/composables/useApi.ts:24:44)
    at updateObjectInBackend (http://localhost:5173/src/components/List/List.vue:97:25)
    at Proxy.changeFillOpacity (http://localhost:5173/src/components/List/List.vue:75:27)
    at onUpdate:modelValue (http://localhost:5173/src/components/List/List.vue:522:34)
    at callWithErrorHandling (http://localhost:5173/node_modules/.vite/deps/vue.runtime.esm-bundler-2BtxhwZ0.js?v=91d2e1a0:1865:17)
    at callWithAsyncErrorHandling (http://localhost:5173/node_modules/.vite/deps/vue.runtime.esm-bundler-2BtxhwZ0.js?v=91d2e1a0:1872:15)
    at emit (http://localhost:5173/node_modules/.vite/deps/vue.runtime.esm-bundler-2BtxhwZ0.js?v=91d2e1a0:4569:15)
    at http://localhost:5173/node_modules/.vite/deps/vue.runtime.esm-bundler-2BtxhwZ0.js?v=91d2e1a0:6734:41 @ http://localhost:5173/src/api/object.ts:84
[   73265ms] [WARNING] The specified value "" does not conform to the required format.  The format is "#rrggbb" where rr, gg, bb are two-digit hexadecimal numbers. @ http://localhost:5173/node_modules/.vite/deps/vue.runtime.esm-bundler-2BtxhwZ0.js?v=91d2e1a0:8108
[   73266ms] [ERROR] API Error: Error: pywebview is not registered
    at updateObject (http://localhost:5173/src/api/object.ts:83:10)
    at callApi (http://localhost:5173/src/composables/useApi.ts:10:25)
    at updateObject (http://localhost:5173/src/composables/useApi.ts:24:44)
    at updateObjectInBackend (http://localhost:5173/src/components/List/List.vue:97:25)
    at Proxy.changeFillOpacity (http://localhost:5173/src/components/List/List.vue:75:27)
    at onUpdate:modelValue (http://localhost:5173/src/components/List/List.vue:522:34)
    at callWithErrorHandling (http://localhost:5173/node_modules/.vite/deps/vue.runtime.esm-bundler-2BtxhwZ0.js?v=91d2e1a0:1865:17)
    at callWithAsyncErrorHandling (http://localhost:5173/node_modules/.vite/deps/vue.runtime.esm-bundler-2BtxhwZ0.js?v=91d2e1a0:1872:15)
    at emit (http://localhost:5173/node_modules/.vite/deps/vue.runtime.esm-bundler-2BtxhwZ0.js?v=91d2e1a0:4569:15)
    at http://localhost:5173/node_modules/.vite/deps/vue.runtime.esm-bundler-2BtxhwZ0.js?v=91d2e1a0:6734:41 @ http://localhost:5173/src/composables/useApi.ts:13
[   73277ms] Error: pywebview is not registered
    at updateObject (http://localhost:5173/src/api/object.ts:83:10)
    at callApi (http://localhost:5173/src/composables/useApi.ts:10:25)
    at updateObject (http://localhost:5173/src/composables/useApi.ts:24:44)
    at updateObjectInBackend (http://localhost:5173/src/components/List/List.vue:97:25)
    at Proxy.changeFillOpacity (http://localhost:5173/src/components/List/List.vue:75:27)
    at onUpdate:modelValue (http://localhost:5173/src/components/List/List.vue:522:34)
    at callWithErrorHandling (http://localhost:5173/node_modules/.vite/deps/vue.runtime.esm-bundler-2BtxhwZ0.js?v=91d2e1a0:1865:17)
    at callWithAsyncErrorHandling (http://localhost:5173/node_modules/.vite/deps/vue.runtime.esm-bundler-2BtxhwZ0.js?v=91d2e1a0:1872:15)
    at emit (http://localhost:5173/node_modules/.vite/deps/vue.runtime.esm-bundler-2BtxhwZ0.js?v=91d2e1a0:4569:15)
    at http://localhost:5173/node_modules/.vite/deps/vue.runtime.esm-bundler-2BtxhwZ0.js?v=91d2e1a0:6734:41
[   73271ms] [ERROR] API Error: Error: pywebview is not registered
    at updateObject (http://localhost:5173/src/api/object.ts:83:10)
    at callApi (http://localhost:5173/src/composables/useApi.ts:10:25)
    at updateObject (http://localhost:5173/src/composables/useApi.ts:24:44)
    at updateObjectInBackend (http://localhost:5173/src/components/List/List.vue:97:25)
    at Proxy.changeFillOpacity (http://localhost:5173/src/components/List/List.vue:75:27)
    at onUpdate:modelValue (http://localhost:5173/src/components/List/List.vue:522:34)
    at callWithErrorHandling (http://localhost:5173/node_modules/.vite/deps/vue.runtime.esm-bundler-2BtxhwZ0.js?v=91d2e1a0:1865:17)
    at callWithAsyncErrorHandling (http://localhost:5173/node_modules/.vite/deps/vue.runtime.esm-bundler-2BtxhwZ0.js?v=91d2e1a0:1872:15)
    at emit (http://localhost:5173/node_modules/.vite/deps/vue.runtime.esm-bundler-2BtxhwZ0.js?v=91d2e1a0:4569:15)
    at http://localhost:5173/node_modules/.vite/deps/vue.runtime.esm-bundler-2BtxhwZ0.js?v=91d2e1a0:6734:41 @ http://localhost:5173/src/api/object.ts:84
[   73276ms] [WARNING] The specified value "" does not conform to the required format.  The format is "#rrggbb" where rr, gg, bb are two-digit hexadecimal numbers. @ http://localhost:5173/node_modules/.vite/deps/vue.runtime.esm-bundler-2BtxhwZ0.js?v=91d2e1a0:8108
[   73279ms] [ERROR] API Error: Error: pywebview is not registered
    at updateObject (http://localhost:5173/src/api/object.ts:83:10)
    at callApi (http://localhost:5173/src/composables/useApi.ts:10:25)
    at updateObject (http://localhost:5173/src/composables/useApi.ts:24:44)
    at updateObjectInBackend (http://localhost:5173/src/components/List/List.vue:97:25)
    at Proxy.changeFillOpacity (http://localhost:5173/src/components/List/List.vue:75:27)
    at onUpdate:modelValue (http://localhost:5173/src/components/List/List.vue:522:34)
    at callWithErrorHandling (http://localhost:5173/node_modules/.vite/deps/vue.runtime.esm-bundler-2BtxhwZ0.js?v=91d2e1a0:1865:17)
    at callWithAsyncErrorHandling (http://localhost:5173/node_modules/.vite/deps/vue.runtime.esm-bundler-2BtxhwZ0.js?v=91d2e1a0:1872:15)
    at emit (http://localhost:5173/node_modules/.vite/deps/vue.runtime.esm-bundler-2BtxhwZ0.js?v=91d2e1a0:4569:15)
    at http://localhost:5173/node_modules/.vite/deps/vue.runtime.esm-bundler-2BtxhwZ0.js?v=91d2e1a0:6734:41 @ http://localhost:5173/src/composables/useApi.ts:13
[   73295ms] Error: pywebview is not registered
    at updateObject (http://localhost:5173/src/api/object.ts:83:10)
    at callApi (http://localhost:5173/src/composables/useApi.ts:10:25)
    at updateObject (http://localhost:5173/src/composables/useApi.ts:24:44)
    at updateObjectInBackend (http://localhost:5173/src/components/List/List.vue:97:25)
    at Proxy.changeFillOpacity (http://localhost:5173/src/components/List/List.vue:75:27)
    at onUpdate:modelValue (http://localhost:5173/src/components/List/List.vue:522:34)
    at callWithErrorHandling (http://localhost:5173/node_modules/.vite/deps/vue.runtime.esm-bundler-2BtxhwZ0.js?v=91d2e1a0:1865:17)
    at callWithAsyncErrorHandling (http://localhost:5173/node_modules/.vite/deps/vue.runtime.esm-bundler-2BtxhwZ0.js?v=91d2e1a0:1872:15)
    at emit (http://localhost:5173/node_modules/.vite/deps/vue.runtime.esm-bundler-2BtxhwZ0.js?v=91d2e1a0:4569:15)
    at http://localhost:5173/node_modules/.vite/deps/vue.runtime.esm-bundler-2BtxhwZ0.js?v=91d2e1a0:6734:41
[   73285ms] [ERROR] API Error: Error: pywebview is not registered
    at updateObject (http://localhost:5173/src/api/object.ts:83:10)
    at callApi (http://localhost:5173/src/composables/useApi.ts:10:25)
    at updateObject (http://localhost:5173/src/composables/useApi.ts:24:44)
    at updateObjectInBackend (http://localhost:5173/src/components/List/List.vue:97:25)
    at Proxy.changeFillOpacity (http://localhost:5173/src/components/List/List.vue:75:27)
    at onUpdate:modelValue (http://localhost:5173/src/components/List/List.vue:522:34)
    at callWithErrorHandling (http://localhost:5173/node_modules/.vite/deps/vue.runtime.esm-bundler-2BtxhwZ0.js?v=91d2e1a0:1865:17)
    at callWithAsyncErrorHandling (http://localhost:5173/node_modules/.vite/deps/vue.runtime.esm-bundler-2BtxhwZ0.js?v=91d2e1a0:1872:15)
    at emit (http://localhost:5173/node_modules/.vite/deps/vue.runtime.esm-bundler-2BtxhwZ0.js?v=91d2e1a0:4569:15)
    at http://localhost:5173/node_modules/.vite/deps/vue.runtime.esm-bundler-2BtxhwZ0.js?v=91d2e1a0:6734:41 @ http://localhost:5173/src/api/object.ts:84
[   73288ms] [WARNING] The specified value "" does not conform to the required format.  The format is "#rrggbb" where rr, gg, bb are two-digit hexadecimal numbers. @ http://localhost:5173/node_modules/.vite/deps/vue.runtime.esm-bundler-2BtxhwZ0.js?v=91d2e1a0:8108
[   73290ms] [ERROR] API Error: Error: pywebview is not registered
    at updateObject (http://localhost:5173/src/api/object.ts:83:10)
    at callApi (http://localhost:5173/src/composables/useApi.ts:10:25)
    at updateObject (http://localhost:5173/src/composables/useApi.ts:24:44)
    at updateObjectInBackend (http://localhost:5173/src/components/List/List.vue:97:25)
    at Proxy.changeFillOpacity (http://localhost:5173/src/components/List/List.vue:75:27)
    at onUpdate:modelValue (http://localhost:5173/src/components/List/List.vue:522:34)
    at callWithErrorHandling (http://localhost:5173/node_modules/.vite/deps/vue.runtime.esm-bundler-2BtxhwZ0.js?v=91d2e1a0:1865:17)
    at callWithAsyncErrorHandling (http://localhost:5173/node_modules/.vite/deps/vue.runtime.esm-bundler-2BtxhwZ0.js?v=91d2e1a0:1872:15)
    at emit (http://localhost:5173/node_modules/.vite/deps/vue.runtime.esm-bundler-2BtxhwZ0.js?v=91d2e1a0:4569:15)
    at http://localhost:5173/node_modules/.vite/deps/vue.runtime.esm-bundler-2BtxhwZ0.js?v=91d2e1a0:6734:41 @ http://localhost:5173/src/composables/useApi.ts:13
[   73305ms] Error: pywebview is not registered
    at updateObject (http://localhost:5173/src/api/object.ts:83:10)
    at callApi (http://localhost:5173/src/composables/useApi.ts:10:25)
    at updateObject (http://localhost:5173/src/composables/useApi.ts:24:44)
    at updateObjectInBackend (http://localhost:5173/src/components/List/List.vue:97:25)
    at Proxy.changeFillOpacity (http://localhost:5173/src/components/List/List.vue:75:27)
    at onUpdate:modelValue (http://localhost:5173/src/components/List/List.vue:522:34)
    at callWithErrorHandling (http://localhost:5173/node_modules/.vite/deps/vue.runtime.esm-bundler-2BtxhwZ0.js?v=91d2e1a0:1865:17)
    at callWithAsyncErrorHandling (http://localhost:5173/node_modules/.vite/deps/vue.runtime.esm-bundler-2BtxhwZ0.js?v=91d2e1a0:1872:15)
    at emit (http://localhost:5173/node_modules/.vite/deps/vue.runtime.esm-bundler-2BtxhwZ0.js?v=91d2e1a0:4569:15)
    at http://localhost:5173/node_modules/.vite/deps/vue.runtime.esm-bundler-2BtxhwZ0.js?v=91d2e1a0:6734:41
[   73305ms] Error: pywebview is not registered
    at updateObject (http://localhost:5173/src/api/object.ts:83:10)
    at callApi (http://localhost:5173/src/composables/useApi.ts:10:25)
    at updateObject (http://localhost:5173/src/composables/useApi.ts:24:44)
    at updateObjectInBackend (http://localhost:5173/src/components/List/List.vue:97:25)
    at Proxy.changeFillOpacity (http://localhost:5173/src/components/List/List.vue:75:27)
    at onUpdate:modelValue (http://localhost:5173/src/components/List/List.vue:522:34)
    at callWithErrorHandling (http://localhost:5173/node_modules/.vite/deps/vue.runtime.esm-bundler-2BtxhwZ0.js?v=91d2e1a0:1865:17)
    at callWithAsyncErrorHandling (http://localhost:5173/node_modules/.vite/deps/vue.runtime.esm-bundler-2BtxhwZ0.js?v=91d2e1a0:1872:15)
    at emit (http://localhost:5173/node_modules/.vite/deps/vue.runtime.esm-bundler-2BtxhwZ0.js?v=91d2e1a0:4569:15)
    at http://localhost:5173/node_modules/.vite/deps/vue.runtime.esm-bundler-2BtxhwZ0.js?v=91d2e1a0:6734:41
[   73778ms] [ERROR] API Error: Error: pywebview is not registered
    at updateObject (http://localhost:5173/src/api/object.ts:83:10)
    at callApi (http://localhost:5173/src/composables/useApi.ts:10:25)
    at updateObject (http://localhost:5173/src/composables/useApi.ts:24:44)
    at updateObjectInBackend (http://localhost:5173/src/components/List/List.vue:97:25)
    at Proxy.changeWeight (http://localhost:5173/src/components/List/List.vue:83:27)
    at onUpdate:modelValue (http://localhost:5173/src/components/List/List.vue:543:34)
    at callWithErrorHandling (http://localhost:5173/node_modules/.vite/deps/vue.runtime.esm-bundler-2BtxhwZ0.js?v=91d2e1a0:1865:17)
    at callWithAsyncErrorHandling (http://localhost:5173/node_modules/.vite/deps/vue.runtime.esm-bundler-2BtxhwZ0.js?v=91d2e1a0:1872:15)
    at emit (http://localhost:5173/node_modules/.vite/deps/vue.runtime.esm-bundler-2BtxhwZ0.js?v=91d2e1a0:4569:15)
    at http://localhost:5173/node_modules/.vite/deps/vue.runtime.esm-bundler-2BtxhwZ0.js?v=91d2e1a0:6734:41 @ http://localhost:5173/src/api/object.ts:84
[   73781ms] [WARNING] The specified value "" does not conform to the required format.  The format is "#rrggbb" where rr, gg, bb are two-digit hexadecimal numbers. @ http://localhost:5173/node_modules/.vite/deps/vue.runtime.esm-bundler-2BtxhwZ0.js?v=91d2e1a0:8108
[   73783ms] [ERROR] API Error: Error: pywebview is not registered
    at updateObject (http://localhost:5173/src/api/object.ts:83:10)
    at callApi (http://localhost:5173/src/composables/useApi.ts:10:25)
    at updateObject (http://localhost:5173/src/composables/useApi.ts:24:44)
    at updateObjectInBackend (http://localhost:5173/src/components/List/List.vue:97:25)
    at Proxy.changeWeight (http://localhost:5173/src/components/List/List.vue:83:27)
    at onUpdate:modelValue (http://localhost:5173/src/components/List/List.vue:543:34)
    at callWithErrorHandling (http://localhost:5173/node_modules/.vite/deps/vue.runtime.esm-bundler-2BtxhwZ0.js?v=91d2e1a0:1865:17)
    at callWithAsyncErrorHandling (http://localhost:5173/node_modules/.vite/deps/vue.runtime.esm-bundler-2BtxhwZ0.js?v=91d2e1a0:1872:15)
    at emit (http://localhost:5173/node_modules/.vite/deps/vue.runtime.esm-bundler-2BtxhwZ0.js?v=91d2e1a0:4569:15)
    at http://localhost:5173/node_modules/.vite/deps/vue.runtime.esm-bundler-2BtxhwZ0.js?v=91d2e1a0:6734:41 @ http://localhost:5173/src/composables/useApi.ts:13
[   73787ms] [ERROR] API Error: Error: pywebview is not registered
    at updateObject (http://localhost:5173/src/api/object.ts:83:10)
    at callApi (http://localhost:5173/src/composables/useApi.ts:10:25)
    at updateObject (http://localhost:5173/src/composables/useApi.ts:24:44)
    at updateObjectInBackend (http://localhost:5173/src/components/List/List.vue:97:25)
    at Proxy.changeWeight (http://localhost:5173/src/components/List/List.vue:83:27)
    at onUpdate:modelValue (http://localhost:5173/src/components/List/List.vue:543:34)
    at callWithErrorHandling (http://localhost:5173/node_modules/.vite/deps/vue.runtime.esm-bundler-2BtxhwZ0.js?v=91d2e1a0:1865:17)
    at callWithAsyncErrorHandling (http://localhost:5173/node_modules/.vite/deps/vue.runtime.esm-bundler-2BtxhwZ0.js?v=91d2e1a0:1872:15)
    at emit (http://localhost:5173/node_modules/.vite/deps/vue.runtime.esm-bundler-2BtxhwZ0.js?v=91d2e1a0:4569:15)
    at http://localhost:5173/node_modules/.vite/deps/vue.runtime.esm-bundler-2BtxhwZ0.js?v=91d2e1a0:6734:41 @ http://localhost:5173/src/api/object.ts:84
[   73793ms] [WARNING] The specified value "" does not conform to the required format.  The format is "#rrggbb" where rr, gg, bb are two-digit hexadecimal numbers. @ http://localhost:5173/node_modules/.vite/deps/vue.runtime.esm-bundler-2BtxhwZ0.js?v=91d2e1a0:8108
[   73794ms] [ERROR] API Error: Error: pywebview is not registered
    at updateObject (http://localhost:5173/src/api/object.ts:83:10)
    at callApi (http://localhost:5173/src/composables/useApi.ts:10:25)
    at updateObject (http://localhost:5173/src/composables/useApi.ts:24:44)
    at updateObjectInBackend (http://localhost:5173/src/components/List/List.vue:97:25)
    at Proxy.changeWeight (http://localhost:5173/src/components/List/List.vue:83:27)
    at onUpdate:modelValue (http://localhost:5173/src/components/List/List.vue:543:34)
    at callWithErrorHandling (http://localhost:5173/node_modules/.vite/deps/vue.runtime.esm-bundler-2BtxhwZ0.js?v=91d2e1a0:1865:17)
    at callWithAsyncErrorHandling (http://localhost:5173/node_modules/.vite/deps/vue.runtime.esm-bundler-2BtxhwZ0.js?v=91d2e1a0:1872:15)
    at emit (http://localhost:5173/node_modules/.vite/deps/vue.runtime.esm-bundler-2BtxhwZ0.js?v=91d2e1a0:4569:15)
    at http://localhost:5173/node_modules/.vite/deps/vue.runtime.esm-bundler-2BtxhwZ0.js?v=91d2e1a0:6734:41 @ http://localhost:5173/src/composables/useApi.ts:13
[   73798ms] [ERROR] API Error: Error: pywebview is not registered
    at updateObject (http://localhost:5173/src/api/object.ts:83:10)
    at callApi (http://localhost:5173/src/composables/useApi.ts:10:25)
    at updateObject (http://localhost:5173/src/composables/useApi.ts:24:44)
    at updateObjectInBackend (http://localhost:5173/src/components/List/List.vue:97:25)
    at Proxy.changeWeight (http://localhost:5173/src/components/List/List.vue:83:27)
    at onUpdate:modelValue (http://localhost:5173/src/components/List/List.vue:543:34)
    at callWithErrorHandling (http://localhost:5173/node_modules/.vite/deps/vue.runtime.esm-bundler-2BtxhwZ0.js?v=91d2e1a0:1865:17)
    at callWithAsyncErrorHandling (http://localhost:5173/node_modules/.vite/deps/vue.runtime.esm-bundler-2BtxhwZ0.js?v=91d2e1a0:1872:15)
    at emit (http://localhost:5173/node_modules/.vite/deps/vue.runtime.esm-bundler-2BtxhwZ0.js?v=91d2e1a0:4569:15)
    at http://localhost:5173/node_modules/.vite/deps/vue.runtime.esm-bundler-2BtxhwZ0.js?v=91d2e1a0:6734:41 @ http://localhost:5173/src/api/object.ts:84
[   73802ms] [WARNING] The specified value "" does not conform to the required format.  The format is "#rrggbb" where rr, gg, bb are two-digit hexadecimal numbers. @ http://localhost:5173/node_modules/.vite/deps/vue.runtime.esm-bundler-2BtxhwZ0.js?v=91d2e1a0:8108
[   73803ms] [ERROR] API Error: Error: pywebview is not registered
    at updateObject (http://localhost:5173/src/api/object.ts:83:10)
    at callApi (http://localhost:5173/src/composables/useApi.ts:10:25)
    at updateObject (http://localhost:5173/src/composables/useApi.ts:24:44)
    at updateObjectInBackend (http://localhost:5173/src/components/List/List.vue:97:25)
    at Proxy.changeWeight (http://localhost:5173/src/components/List/List.vue:83:27)
    at onUpdate:modelValue (http://localhost:5173/src/components/List/List.vue:543:34)
    at callWithErrorHandling (http://localhost:5173/node_modules/.vite/deps/vue.runtime.esm-bundler-2BtxhwZ0.js?v=91d2e1a0:1865:17)
    at callWithAsyncErrorHandling (http://localhost:5173/node_modules/.vite/deps/vue.runtime.esm-bundler-2BtxhwZ0.js?v=91d2e1a0:1872:15)
    at emit (http://localhost:5173/node_modules/.vite/deps/vue.runtime.esm-bundler-2BtxhwZ0.js?v=91d2e1a0:4569:15)
    at http://localhost:5173/node_modules/.vite/deps/vue.runtime.esm-bundler-2BtxhwZ0.js?v=91d2e1a0:6734:41 @ http://localhost:5173/src/composables/useApi.ts:13
[   73808ms] [ERROR] API Error: Error: pywebview is not registered
    at updateObject (http://localhost:5173/src/api/object.ts:83:10)
    at callApi (http://localhost:5173/src/composables/useApi.ts:10:25)
    at updateObject (http://localhost:5173/src/composables/useApi.ts:24:44)
    at updateObjectInBackend (http://localhost:5173/src/components/List/List.vue:97:25)
    at Proxy.changeWeight (http://localhost:5173/src/components/List/List.vue:83:27)
    at onUpdate:modelValue (http://localhost:5173/src/components/List/List.vue:543:34)
    at callWithErrorHandling (http://localhost:5173/node_modules/.vite/deps/vue.runtime.esm-bundler-2BtxhwZ0.js?v=91d2e1a0:1865:17)
    at callWithAsyncErrorHandling (http://localhost:5173/node_modules/.vite/deps/vue.runtime.esm-bundler-2BtxhwZ0.js?v=91d2e1a0:1872:15)
    at emit (http://localhost:5173/node_modules/.vite/deps/vue.runtime.esm-bundler-2BtxhwZ0.js?v=91d2e1a0:4569:15)
    at http://localhost:5173/node_modules/.vite/deps/vue.runtime.esm-bundler-2BtxhwZ0.js?v=91d2e1a0:6734:41 @ http://localhost:5173/src/api/object.ts:84
[   73812ms] [WARNING] The specified value "" does not conform to the required format.  The format is "#rrggbb" where rr, gg, bb are two-digit hexadecimal numbers. @ http://localhost:5173/node_modules/.vite/deps/vue.runtime.esm-bundler-2BtxhwZ0.js?v=91d2e1a0:8108
[   73813ms] [ERROR] API Error: Error: pywebview is not registered
    at updateObject (http://localhost:5173/src/api/object.ts:83:10)
    at callApi (http://localhost:5173/src/composables/useApi.ts:10:25)
    at updateObject (http://localhost:5173/src/composables/useApi.ts:24:44)
    at updateObjectInBackend (http://localhost:5173/src/components/List/List.vue:97:25)
    at Proxy.changeWeight (http://localhost:5173/src/components/List/List.vue:83:27)
    at onUpdate:modelValue (http://localhost:5173/src/components/List/List.vue:543:34)
    at callWithErrorHandling (http://localhost:5173/node_modules/.vite/deps/vue.runtime.esm-bundler-2BtxhwZ0.js?v=91d2e1a0:1865:17)
    at callWithAsyncErrorHandling (http://localhost:5173/node_modules/.vite/deps/vue.runtime.esm-bundler-2BtxhwZ0.js?v=91d2e1a0:1872:15)
    at emit (http://localhost:5173/node_modules/.vite/deps/vue.runtime.esm-bundler-2BtxhwZ0.js?v=91d2e1a0:4569:15)
    at http://localhost:5173/node_modules/.vite/deps/vue.runtime.esm-bundler-2BtxhwZ0.js?v=91d2e1a0:6734:41 @ http://localhost:5173/src/composables/useApi.ts:13
[   73817ms] [ERROR] API Error: Error: pywebview is not registered
    at updateObject (http://localhost:5173/src/api/object.ts:83:10)
    at callApi (http://localhost:5173/src/composables/useApi.ts:10:25)
    at updateObject (http://localhost:5173/src/composables/useApi.ts:24:44)
    at updateObjectInBackend (http://localhost:5173/src/components/List/List.vue:97:25)
    at Proxy.changeWeight (http://localhost:5173/src/components/List/List.vue:83:27)
    at onUpdate:modelValue (http://localhost:5173/src/components/List/List.vue:543:34)
    at callWithErrorHandling (http://localhost:5173/node_modules/.vite/deps/vue.runtime.esm-bundler-2BtxhwZ0.js?v=91d2e1a0:1865:17)
    at callWithAsyncErrorHandling (http://localhost:5173/node_modules/.vite/deps/vue.runtime.esm-bundler-2BtxhwZ0.js?v=91d2e1a0:1872:15)
    at emit (http://localhost:5173/node_modules/.vite/deps/vue.runtime.esm-bundler-2BtxhwZ0.js?v=91d2e1a0:4569:15)
    at http://localhost:5173/node_modules/.vite/deps/vue.runtime.esm-bundler-2BtxhwZ0.js?v=91d2e1a0:6734:41 @ http://localhost:5173/src/api/object.ts:84
[   73822ms] [WARNING] The specified value "" does not conform to the required format.  The format is "#rrggbb" where rr, gg, bb are two-digit hexadecimal numbers. @ http://localhost:5173/node_modules/.vite/deps/vue.runtime.esm-bundler-2BtxhwZ0.js?v=91d2e1a0:8108
[   73823ms] [ERROR] API Error: Error: pywebview is not registered
    at updateObject (http://localhost:5173/src/api/object.ts:83:10)
    at callApi (http://localhost:5173/src/composables/useApi.ts:10:25)
    at updateObject (http://localhost:5173/src/composables/useApi.ts:24:44)
    at updateObjectInBackend (http://localhost:5173/src/components/List/List.vue:97:25)
    at Proxy.changeWeight (http://localhost:5173/src/components/List/List.vue:83:27)
    at onUpdate:modelValue (http://localhost:5173/src/components/List/List.vue:543:34)
    at callWithErrorHandling (http://localhost:5173/node_modules/.vite/deps/vue.runtime.esm-bundler-2BtxhwZ0.js?v=91d2e1a0:1865:17)
    at callWithAsyncErrorHandling (http://localhost:5173/node_modules/.vite/deps/vue.runtime.esm-bundler-2BtxhwZ0.js?v=91d2e1a0:1872:15)
    at emit (http://localhost:5173/node_modules/.vite/deps/vue.runtime.esm-bundler-2BtxhwZ0.js?v=91d2e1a0:4569:15)
    at http://localhost:5173/node_modules/.vite/deps/vue.runtime.esm-bundler-2BtxhwZ0.js?v=91d2e1a0:6734:41 @ http://localhost:5173/src/composables/useApi.ts:13
[   73828ms] [ERROR] API Error: Error: pywebview is not registered
    at updateObject (http://localhost:5173/src/api/object.ts:83:10)
    at callApi (http://localhost:5173/src/composables/useApi.ts:10:25)
    at updateObject (http://localhost:5173/src/composables/useApi.ts:24:44)
    at updateObjectInBackend (http://localhost:5173/src/components/List/List.vue:97:25)
    at Proxy.changeWeight (http://localhost:5173/src/components/List/List.vue:83:27)
    at onUpdate:modelValue (http://localhost:5173/src/components/List/List.vue:543:34)
    at callWithErrorHandling (http://localhost:5173/node_modules/.vite/deps/vue.runtime.esm-bundler-2BtxhwZ0.js?v=91d2e1a0:1865:17)
    at callWithAsyncErrorHandling (http://localhost:5173/node_modules/.vite/deps/vue.runtime.esm-bundler-2BtxhwZ0.js?v=91d2e1a0:1872:15)
    at emit (http://localhost:5173/node_modules/.vite/deps/vue.runtime.esm-bundler-2BtxhwZ0.js?v=91d2e1a0:4569:15)
    at http://localhost:5173/node_modules/.vite/deps/vue.runtime.esm-bundler-2BtxhwZ0.js?v=91d2e1a0:6734:41 @ http://localhost:5173/src/api/object.ts:84
[   73835ms] [WARNING] The specified value "" does not conform to the required format.  The format is "#rrggbb" where rr, gg, bb are two-digit hexadecimal numbers. @ http://localhost:5173/node_modules/.vite/deps/vue.runtime.esm-bundler-2BtxhwZ0.js?v=91d2e1a0:8108
[   73837ms] [ERROR] API Error: Error: pywebview is not registered
    at updateObject (http://localhost:5173/src/api/object.ts:83:10)
    at callApi (http://localhost:5173/src/composables/useApi.ts:10:25)
    at updateObject (http://localhost:5173/src/composables/useApi.ts:24:44)
    at updateObjectInBackend (http://localhost:5173/src/components/List/List.vue:97:25)
    at Proxy.changeWeight (http://localhost:5173/src/components/List/List.vue:83:27)
    at onUpdate:modelValue (http://localhost:5173/src/components/List/List.vue:543:34)
    at callWithErrorHandling (http://localhost:5173/node_modules/.vite/deps/vue.runtime.esm-bundler-2BtxhwZ0.js?v=91d2e1a0:1865:17)
    at callWithAsyncErrorHandling (http://localhost:5173/node_modules/.vite/deps/vue.runtime.esm-bundler-2BtxhwZ0.js?v=91d2e1a0:1872:15)
    at emit (http://localhost:5173/node_modules/.vite/deps/vue.runtime.esm-bundler-2BtxhwZ0.js?v=91d2e1a0:4569:15)
    at http://localhost:5173/node_modules/.vite/deps/vue.runtime.esm-bundler-2BtxhwZ0.js?v=91d2e1a0:6734:41 @ http://localhost:5173/src/composables/useApi.ts:13
[   73843ms] Error: pywebview is not registered
    at updateObject (http://localhost:5173/src/api/object.ts:83:10)
    at callApi (http://localhost:5173/src/composables/useApi.ts:10:25)
    at updateObject (http://localhost:5173/src/composables/useApi.ts:24:44)
    at updateObjectInBackend (http://localhost:5173/src/components/List/List.vue:97:25)
    at Proxy.changeWeight (http://localhost:5173/src/components/List/List.vue:83:27)
    at onUpdate:modelValue (http://localhost:5173/src/components/List/List.vue:543:34)
    at callWithErrorHandling (http://localhost:5173/node_modules/.vite/deps/vue.runtime.esm-bundler-2BtxhwZ0.js?v=91d2e1a0:1865:17)
    at callWithAsyncErrorHandling (http://localhost:5173/node_modules/.vite/deps/vue.runtime.esm-bundler-2BtxhwZ0.js?v=91d2e1a0:1872:15)
    at emit (http://localhost:5173/node_modules/.vite/deps/vue.runtime.esm-bundler-2BtxhwZ0.js?v=91d2e1a0:4569:15)
    at http://localhost:5173/node_modules/.vite/deps/vue.runtime.esm-bundler-2BtxhwZ0.js?v=91d2e1a0:6734:41
[   73843ms] Error: pywebview is not registered
    at updateObject (http://localhost:5173/src/api/object.ts:83:10)
    at callApi (http://localhost:5173/src/composables/useApi.ts:10:25)
    at updateObject (http://localhost:5173/src/composables/useApi.ts:24:44)
    at updateObjectInBackend (http://localhost:5173/src/components/List/List.vue:97:25)
    at Proxy.changeWeight (http://localhost:5173/src/components/List/List.vue:83:27)
    at onUpdate:modelValue (http://localhost:5173/src/components/List/List.vue:543:34)
    at callWithErrorHandling (http://localhost:5173/node_modules/.vite/deps/vue.runtime.esm-bundler-2BtxhwZ0.js?v=91d2e1a0:1865:17)
    at callWithAsyncErrorHandling (http://localhost:5173/node_modules/.vite/deps/vue.runtime.esm-bundler-2BtxhwZ0.js?v=91d2e1a0:1872:15)
    at emit (http://localhost:5173/node_modules/.vite/deps/vue.runtime.esm-bundler-2BtxhwZ0.js?v=91d2e1a0:4569:15)
    at http://localhost:5173/node_modules/.vite/deps/vue.runtime.esm-bundler-2BtxhwZ0.js?v=91d2e1a0:6734:41
[   73844ms] Error: pywebview is not registered
    at updateObject (http://localhost:5173/src/api/object.ts:83:10)
    at callApi (http://localhost:5173/src/composables/useApi.ts:10:25)
    at updateObject (http://localhost:5173/src/composables/useApi.ts:24:44)
    at updateObjectInBackend (http://localhost:5173/src/components/List/List.vue:97:25)
    at Proxy.changeWeight (http://localhost:5173/src/components/List/List.vue:83:27)
    at onUpdate:modelValue (http://localhost:5173/src/components/List/List.vue:543:34)
    at callWithErrorHandling (http://localhost:5173/node_modules/.vite/deps/vue.runtime.esm-bundler-2BtxhwZ0.js?v=91d2e1a0:1865:17)
    at callWithAsyncErrorHandling (http://localhost:5173/node_modules/.vite/deps/vue.runtime.esm-bundler-2BtxhwZ0.js?v=91d2e1a0:1872:15)
    at emit (http://localhost:5173/node_modules/.vite/deps/vue.runtime.esm-bundler-2BtxhwZ0.js?v=91d2e1a0:4569:15)
    at http://localhost:5173/node_modules/.vite/deps/vue.runtime.esm-bundler-2BtxhwZ0.js?v=91d2e1a0:6734:41
[   73844ms] Error: pywebview is not registered
    at updateObject (http://localhost:5173/src/api/object.ts:83:10)
    at callApi (http://localhost:5173/src/composables/useApi.ts:10:25)
    at updateObject (http://localhost:5173/src/composables/useApi.ts:24:44)
    at updateObjectInBackend (http://localhost:5173/src/components/List/List.vue:97:25)
    at Proxy.changeWeight (http://localhost:5173/src/components/List/List.vue:83:27)
    at onUpdate:modelValue (http://localhost:5173/src/components/List/List.vue:543:34)
    at callWithErrorHandling (http://localhost:5173/node_modules/.vite/deps/vue.runtime.esm-bundler-2BtxhwZ0.js?v=91d2e1a0:1865:17)
    at callWithAsyncErrorHandling (http://localhost:5173/node_modules/.vite/deps/vue.runtime.esm-bundler-2BtxhwZ0.js?v=91d2e1a0:1872:15)
    at emit (http://localhost:5173/node_modules/.vite/deps/vue.runtime.esm-bundler-2BtxhwZ0.js?v=91d2e1a0:4569:15)
    at http://localhost:5173/node_modules/.vite/deps/vue.runtime.esm-bundler-2BtxhwZ0.js?v=91d2e1a0:6734:41
[   73845ms] Error: pywebview is not registered
    at updateObject (http://localhost:5173/src/api/object.ts:83:10)
    at callApi (http://localhost:5173/src/composables/useApi.ts:10:25)
    at updateObject (http://localhost:5173/src/composables/useApi.ts:24:44)
    at updateObjectInBackend (http://localhost:5173/src/components/List/List.vue:97:25)
    at Proxy.changeWeight (http://localhost:5173/src/components/List/List.vue:83:27)
    at onUpdate:modelValue (http://localhost:5173/src/components/List/List.vue:543:34)
    at callWithErrorHandling (http://localhost:5173/node_modules/.vite/deps/vue.runtime.esm-bundler-2BtxhwZ0.js?v=91d2e1a0:1865:17)
    at callWithAsyncErrorHandling (http://localhost:5173/node_modules/.vite/deps/vue.runtime.esm-bundler-2BtxhwZ0.js?v=91d2e1a0:1872:15)
    at emit (http://localhost:5173/node_modules/.vite/deps/vue.runtime.esm-bundler-2BtxhwZ0.js?v=91d2e1a0:4569:15)
    at http://localhost:5173/node_modules/.vite/deps/vue.runtime.esm-bundler-2BtxhwZ0.js?v=91d2e1a0:6734:41
[   73845ms] Error: pywebview is not registered
    at updateObject (http://localhost:5173/src/api/object.ts:83:10)
    at callApi (http://localhost:5173/src/composables/useApi.ts:10:25)
    at updateObject (http://localhost:5173/src/composables/useApi.ts:24:44)
    at updateObjectInBackend (http://localhost:5173/src/components/List/List.vue:97:25)
    at Proxy.changeWeight (http://localhost:5173/src/components/List/List.vue:83:27)
    at onUpdate:modelValue (http://localhost:5173/src/components/List/List.vue:543:34)
    at callWithErrorHandling (http://localhost:5173/node_modules/.vite/deps/vue.runtime.esm-bundler-2BtxhwZ0.js?v=91d2e1a0:1865:17)
    at callWithAsyncErrorHandling (http://localhost:5173/node_modules/.vite/deps/vue.runtime.esm-bundler-2BtxhwZ0.js?v=91d2e1a0:1872:15)
    at emit (http://localhost:5173/node_modules/.vite/deps/vue.runtime.esm-bundler-2BtxhwZ0.js?v=91d2e1a0:4569:15)
    at http://localhost:5173/node_modules/.vite/deps/vue.runtime.esm-bundler-2BtxhwZ0.js?v=91d2e1a0:6734:41
[   73867ms] [ERROR] API Error: Error: pywebview is not registered
    at updateObject (http://localhost:5173/src/api/object.ts:83:10)
    at callApi (http://localhost:5173/src/composables/useApi.ts:10:25)
    at updateObject (http://localhost:5173/src/composables/useApi.ts:24:44)
    at updateObjectInBackend (http://localhost:5173/src/components/List/List.vue:97:25)
    at Proxy.changeWeight (http://localhost:5173/src/components/List/List.vue:83:27)
    at onUpdate:modelValue (http://localhost:5173/src/components/List/List.vue:543:34)
    at callWithErrorHandling (http://localhost:5173/node_modules/.vite/deps/vue.runtime.esm-bundler-2BtxhwZ0.js?v=91d2e1a0:1865:17)
    at callWithAsyncErrorHandling (http://localhost:5173/node_modules/.vite/deps/vue.runtime.esm-bundler-2BtxhwZ0.js?v=91d2e1a0:1872:15)
    at emit (http://localhost:5173/node_modules/.vite/deps/vue.runtime.esm-bundler-2BtxhwZ0.js?v=91d2e1a0:4569:15)
    at http://localhost:5173/node_modules/.vite/deps/vue.runtime.esm-bundler-2BtxhwZ0.js?v=91d2e1a0:6734:41 @ http://localhost:5173/src/api/object.ts:84
[   73871ms] [WARNING] The specified value "" does not conform to the required format.  The format is "#rrggbb" where rr, gg, bb are two-digit hexadecimal numbers. @ http://localhost:5173/node_modules/.vite/deps/vue.runtime.esm-bundler-2BtxhwZ0.js?v=91d2e1a0:8108
[   73872ms] [ERROR] API Error: Error: pywebview is not registered
    at updateObject (http://localhost:5173/src/api/object.ts:83:10)
    at callApi (http://localhost:5173/src/composables/useApi.ts:10:25)
    at updateObject (http://localhost:5173/src/composables/useApi.ts:24:44)
    at updateObjectInBackend (http://localhost:5173/src/components/List/List.vue:97:25)
    at Proxy.changeWeight (http://localhost:5173/src/components/List/List.vue:83:27)
    at onUpdate:modelValue (http://localhost:5173/src/components/List/List.vue:543:34)
    at callWithErrorHandling (http://localhost:5173/node_modules/.vite/deps/vue.runtime.esm-bundler-2BtxhwZ0.js?v=91d2e1a0:1865:17)
    at callWithAsyncErrorHandling (http://localhost:5173/node_modules/.vite/deps/vue.runtime.esm-bundler-2BtxhwZ0.js?v=91d2e1a0:1872:15)
    at emit (http://localhost:5173/node_modules/.vite/deps/vue.runtime.esm-bundler-2BtxhwZ0.js?v=91d2e1a0:4569:15)
    at http://localhost:5173/node_modules/.vite/deps/vue.runtime.esm-bundler-2BtxhwZ0.js?v=91d2e1a0:6734:41 @ http://localhost:5173/src/composables/useApi.ts:13
[   73877ms] Error: pywebview is not registered
    at updateObject (http://localhost:5173/src/api/object.ts:83:10)
    at callApi (http://localhost:5173/src/composables/useApi.ts:10:25)
    at updateObject (http://localhost:5173/src/composables/useApi.ts:24:44)
    at updateObjectInBackend (http://localhost:5173/src/components/List/List.vue:97:25)
    at Proxy.changeWeight (http://localhost:5173/src/components/List/List.vue:83:27)
    at onUpdate:modelValue (http://localhost:5173/src/components/List/List.vue:543:34)
    at callWithErrorHandling (http://localhost:5173/node_modules/.vite/deps/vue.runtime.esm-bundler-2BtxhwZ0.js?v=91d2e1a0:1865:17)
    at callWithAsyncErrorHandling (http://localhost:5173/node_modules/.vite/deps/vue.runtime.esm-bundler-2BtxhwZ0.js?v=91d2e1a0:1872:15)
    at emit (http://localhost:5173/node_modules/.vite/deps/vue.runtime.esm-bundler-2BtxhwZ0.js?v=91d2e1a0:4569:15)
    at http://localhost:5173/node_modules/.vite/deps/vue.runtime.esm-bundler-2BtxhwZ0.js?v=91d2e1a0:6734:41
[   73887ms] [ERROR] API Error: Error: pywebview is not registered
    at updateObject (http://localhost:5173/src/api/object.ts:83:10)
    at callApi (http://localhost:5173/src/composables/useApi.ts:10:25)
    at updateObject (http://localhost:5173/src/composables/useApi.ts:24:44)
    at updateObjectInBackend (http://localhost:5173/src/components/List/List.vue:97:25)
    at Proxy.changeWeight (http://localhost:5173/src/components/List/List.vue:83:27)
    at onUpdate:modelValue (http://localhost:5173/src/components/List/List.vue:543:34)
    at callWithErrorHandling (http://localhost:5173/node_modules/.vite/deps/vue.runtime.esm-bundler-2BtxhwZ0.js?v=91d2e1a0:1865:17)
    at callWithAsyncErrorHandling (http://localhost:5173/node_modules/.vite/deps/vue.runtime.esm-bundler-2BtxhwZ0.js?v=91d2e1a0:1872:15)
    at emit (http://localhost:5173/node_modules/.vite/deps/vue.runtime.esm-bundler-2BtxhwZ0.js?v=91d2e1a0:4569:15)
    at http://localhost:5173/node_modules/.vite/deps/vue.runtime.esm-bundler-2BtxhwZ0.js?v=91d2e1a0:6734:41 @ http://localhost:5173/src/api/object.ts:84
[   73891ms] [WARNING] The specified value "" does not conform to the required format.  The format is "#rrggbb" where rr, gg, bb are two-digit hexadecimal numbers. @ http://localhost:5173/node_modules/.vite/deps/vue.runtime.esm-bundler-2BtxhwZ0.js?v=91d2e1a0:8108
[   73892ms] [ERROR] API Error: Error: pywebview is not registered
    at updateObject (http://localhost:5173/src/api/object.ts:83:10)
    at callApi (http://localhost:5173/src/composables/useApi.ts:10:25)
    at updateObject (http://localhost:5173/src/composables/useApi.ts:24:44)
    at updateObjectInBackend (http://localhost:5173/src/components/List/List.vue:97:25)
    at Proxy.changeWeight (http://localhost:5173/src/components/List/List.vue:83:27)
    at onUpdate:modelValue (http://localhost:5173/src/components/List/List.vue:543:34)
    at callWithErrorHandling (http://localhost:5173/node_modules/.vite/deps/vue.runtime.esm-bundler-2BtxhwZ0.js?v=91d2e1a0:1865:17)
    at callWithAsyncErrorHandling (http://localhost:5173/node_modules/.vite/deps/vue.runtime.esm-bundler-2BtxhwZ0.js?v=91d2e1a0:1872:15)
    at emit (http://localhost:5173/node_modules/.vite/deps/vue.runtime.esm-bundler-2BtxhwZ0.js?v=91d2e1a0:4569:15)
    at http://localhost:5173/node_modules/.vite/deps/vue.runtime.esm-bundler-2BtxhwZ0.js?v=91d2e1a0:6734:41 @ http://localhost:5173/src/composables/useApi.ts:13
[   73901ms] Error: pywebview is not registered
    at updateObject (http://localhost:5173/src/api/object.ts:83:10)
    at callApi (http://localhost:5173/src/composables/useApi.ts:10:25)
    at updateObject (http://localhost:5173/src/composables/useApi.ts:24:44)
    at updateObjectInBackend (http://localhost:5173/src/components/List/List.vue:97:25)
    at Proxy.changeWeight (http://localhost:5173/src/components/List/List.vue:83:27)
    at onUpdate:modelValue (http://localhost:5173/src/components/List/List.vue:543:34)
    at callWithErrorHandling (http://localhost:5173/node_modules/.vite/deps/vue.runtime.esm-bundler-2BtxhwZ0.js?v=91d2e1a0:1865:17)
    at callWithAsyncErrorHandling (http://localhost:5173/node_modules/.vite/deps/vue.runtime.esm-bundler-2BtxhwZ0.js?v=91d2e1a0:1872:15)
    at emit (http://localhost:5173/node_modules/.vite/deps/vue.runtime.esm-bundler-2BtxhwZ0.js?v=91d2e1a0:4569:15)
    at http://localhost:5173/node_modules/.vite/deps/vue.runtime.esm-bundler-2BtxhwZ0.js?v=91d2e1a0:6734:41
[   73897ms] [ERROR] API Error: Error: pywebview is not registered
    at updateObject (http://localhost:5173/src/api/object.ts:83:10)
    at callApi (http://localhost:5173/src/composables/useApi.ts:10:25)
    at updateObject (http://localhost:5173/src/composables/useApi.ts:24:44)
    at updateObjectInBackend (http://localhost:5173/src/components/List/List.vue:97:25)
    at Proxy.changeWeight (http://localhost:5173/src/components/List/List.vue:83:27)
    at onUpdate:modelValue (http://localhost:5173/src/components/List/List.vue:543:34)
    at callWithErrorHandling (http://localhost:5173/node_modules/.vite/deps/vue.runtime.esm-bundler-2BtxhwZ0.js?v=91d2e1a0:1865:17)
    at callWithAsyncErrorHandling (http://localhost:5173/node_modules/.vite/deps/vue.runtime.esm-bundler-2BtxhwZ0.js?v=91d2e1a0:1872:15)
    at emit (http://localhost:5173/node_modules/.vite/deps/vue.runtime.esm-bundler-2BtxhwZ0.js?v=91d2e1a0:4569:15)
    at http://localhost:5173/node_modules/.vite/deps/vue.runtime.esm-bundler-2BtxhwZ0.js?v=91d2e1a0:6734:41 @ http://localhost:5173/src/api/object.ts:84
[   73902ms] [WARNING] The specified value "" does not conform to the required format.  The format is "#rrggbb" where rr, gg, bb are two-digit hexadecimal numbers. @ http://localhost:5173/node_modules/.vite/deps/vue.runtime.esm-bundler-2BtxhwZ0.js?v=91d2e1a0:8108
[   73903ms] [ERROR] API Error: Error: pywebview is not registered
    at updateObject (http://localhost:5173/src/api/object.ts:83:10)
    at callApi (http://localhost:5173/src/composables/useApi.ts:10:25)
    at updateObject (http://localhost:5173/src/composables/useApi.ts:24:44)
    at updateObjectInBackend (http://localhost:5173/src/components/List/List.vue:97:25)
    at Proxy.changeWeight (http://localhost:5173/src/components/List/List.vue:83:27)
    at onUpdate:modelValue (http://localhost:5173/src/components/List/List.vue:543:34)
    at callWithErrorHandling (http://localhost:5173/node_modules/.vite/deps/vue.runtime.esm-bundler-2BtxhwZ0.js?v=91d2e1a0:1865:17)
    at callWithAsyncErrorHandling (http://localhost:5173/node_modules/.vite/deps/vue.runtime.esm-bundler-2BtxhwZ0.js?v=91d2e1a0:1872:15)
    at emit (http://localhost:5173/node_modules/.vite/deps/vue.runtime.esm-bundler-2BtxhwZ0.js?v=91d2e1a0:4569:15)
    at http://localhost:5173/node_modules/.vite/deps/vue.runtime.esm-bundler-2BtxhwZ0.js?v=91d2e1a0:6734:41 @ http://localhost:5173/src/composables/useApi.ts:13
[   73908ms] [ERROR] API Error: Error: pywebview is not registered
    at updateObject (http://localhost:5173/src/api/object.ts:83:10)
    at callApi (http://localhost:5173/src/composables/useApi.ts:10:25)
    at updateObject (http://localhost:5173/src/composables/useApi.ts:24:44)
    at updateObjectInBackend (http://localhost:5173/src/components/List/List.vue:97:25)
    at Proxy.changeWeight (http://localhost:5173/src/components/List/List.vue:83:27)
    at onUpdate:modelValue (http://localhost:5173/src/components/List/List.vue:543:34)
    at callWithErrorHandling (http://localhost:5173/node_modules/.vite/deps/vue.runtime.esm-bundler-2BtxhwZ0.js?v=91d2e1a0:1865:17)
    at callWithAsyncErrorHandling (http://localhost:5173/node_modules/.vite/deps/vue.runtime.esm-bundler-2BtxhwZ0.js?v=91d2e1a0:1872:15)
    at emit (http://localhost:5173/node_modules/.vite/deps/vue.runtime.esm-bundler-2BtxhwZ0.js?v=91d2e1a0:4569:15)
    at http://localhost:5173/node_modules/.vite/deps/vue.runtime.esm-bundler-2BtxhwZ0.js?v=91d2e1a0:6734:41 @ http://localhost:5173/src/api/object.ts:84
[   73915ms] [WARNING] The specified value "" does not conform to the required format.  The format is "#rrggbb" where rr, gg, bb are two-digit hexadecimal numbers. @ http://localhost:5173/node_modules/.vite/deps/vue.runtime.esm-bundler-2BtxhwZ0.js?v=91d2e1a0:8108
[   73917ms] [ERROR] API Error: Error: pywebview is not registered
    at updateObject (http://localhost:5173/src/api/object.ts:83:10)
    at callApi (http://localhost:5173/src/composables/useApi.ts:10:25)
    at updateObject (http://localhost:5173/src/composables/useApi.ts:24:44)
    at updateObjectInBackend (http://localhost:5173/src/components/List/List.vue:97:25)
    at Proxy.changeWeight (http://localhost:5173/src/components/List/List.vue:83:27)
    at onUpdate:modelValue (http://localhost:5173/src/components/List/List.vue:543:34)
    at callWithErrorHandling (http://localhost:5173/node_modules/.vite/deps/vue.runtime.esm-bundler-2BtxhwZ0.js?v=91d2e1a0:1865:17)
    at callWithAsyncErrorHandling (http://localhost:5173/node_modules/.vite/deps/vue.runtime.esm-bundler-2BtxhwZ0.js?v=91d2e1a0:1872:15)
    at emit (http://localhost:5173/node_modules/.vite/deps/vue.runtime.esm-bundler-2BtxhwZ0.js?v=91d2e1a0:4569:15)
    at http://localhost:5173/node_modules/.vite/deps/vue.runtime.esm-bundler-2BtxhwZ0.js?v=91d2e1a0:6734:41 @ http://localhost:5173/src/composables/useApi.ts:13
[   73924ms] Error: pywebview is not registered
    at updateObject (http://localhost:5173/src/api/object.ts:83:10)
    at callApi (http://localhost:5173/src/composables/useApi.ts:10:25)
    at updateObject (http://localhost:5173/src/composables/useApi.ts:24:44)
    at updateObjectInBackend (http://localhost:5173/src/components/List/List.vue:97:25)
    at Proxy.changeWeight (http://localhost:5173/src/components/List/List.vue:83:27)
    at onUpdate:modelValue (http://localhost:5173/src/components/List/List.vue:543:34)
    at callWithErrorHandling (http://localhost:5173/node_modules/.vite/deps/vue.runtime.esm-bundler-2BtxhwZ0.js?v=91d2e1a0:1865:17)
    at callWithAsyncErrorHandling (http://localhost:5173/node_modules/.vite/deps/vue.runtime.esm-bundler-2BtxhwZ0.js?v=91d2e1a0:1872:15)
    at emit (http://localhost:5173/node_modules/.vite/deps/vue.runtime.esm-bundler-2BtxhwZ0.js?v=91d2e1a0:4569:15)
    at http://localhost:5173/node_modules/.vite/deps/vue.runtime.esm-bundler-2BtxhwZ0.js?v=91d2e1a0:6734:41
[   73924ms] Error: pywebview is not registered
    at updateObject (http://localhost:5173/src/api/object.ts:83:10)
    at callApi (http://localhost:5173/src/composables/useApi.ts:10:25)
    at updateObject (http://localhost:5173/src/composables/useApi.ts:24:44)
    at updateObjectInBackend (http://localhost:5173/src/components/List/List.vue:97:25)
    at Proxy.changeWeight (http://localhost:5173/src/components/List/List.vue:83:27)
    at onUpdate:modelValue (http://localhost:5173/src/components/List/List.vue:543:34)
    at callWithErrorHandling (http://localhost:5173/node_modules/.vite/deps/vue.runtime.esm-bundler-2BtxhwZ0.js?v=91d2e1a0:1865:17)
    at callWithAsyncErrorHandling (http://localhost:5173/node_modules/.vite/deps/vue.runtime.esm-bundler-2BtxhwZ0.js?v=91d2e1a0:1872:15)
    at emit (http://localhost:5173/node_modules/.vite/deps/vue.runtime.esm-bundler-2BtxhwZ0.js?v=91d2e1a0:4569:15)
    at http://localhost:5173/node_modules/.vite/deps/vue.runtime.esm-bundler-2BtxhwZ0.js?v=91d2e1a0:6734:41
[   73924ms] [ERROR] API Error: Error: pywebview is not registered
    at updateObject (http://localhost:5173/src/api/object.ts:83:10)
    at callApi (http://localhost:5173/src/composables/useApi.ts:10:25)
    at updateObject (http://localhost:5173/src/composables/useApi.ts:24:44)
    at updateObjectInBackend (http://localhost:5173/src/components/List/List.vue:97:25)
    at Proxy.changeWeight (http://localhost:5173/src/components/List/List.vue:83:27)
    at onUpdate:modelValue (http://localhost:5173/src/components/List/List.vue:543:34)
    at callWithErrorHandling (http://localhost:5173/node_modules/.vite/deps/vue.runtime.esm-bundler-2BtxhwZ0.js?v=91d2e1a0:1865:17)
    at callWithAsyncErrorHandling (http://localhost:5173/node_modules/.vite/deps/vue.runtime.esm-bundler-2BtxhwZ0.js?v=91d2e1a0:1872:15)
    at emit (http://localhost:5173/node_modules/.vite/deps/vue.runtime.esm-bundler-2BtxhwZ0.js?v=91d2e1a0:4569:15)
    at http://localhost:5173/node_modules/.vite/deps/vue.runtime.esm-bundler-2BtxhwZ0.js?v=91d2e1a0:6734:41 @ http://localhost:5173/src/api/object.ts:84
[   73928ms] [WARNING] The specified value "" does not conform to the required format.  The format is "#rrggbb" where rr, gg, bb are two-digit hexadecimal numbers. @ http://localhost:5173/node_modules/.vite/deps/vue.runtime.esm-bundler-2BtxhwZ0.js?v=91d2e1a0:8108
[   73930ms] [ERROR] API Error: Error: pywebview is not registered
    at updateObject (http://localhost:5173/src/api/object.ts:83:10)
    at callApi (http://localhost:5173/src/composables/useApi.ts:10:25)
    at updateObject (http://localhost:5173/src/composables/useApi.ts:24:44)
    at updateObjectInBackend (http://localhost:5173/src/components/List/List.vue:97:25)
    at Proxy.changeWeight (http://localhost:5173/src/components/List/List.vue:83:27)
    at onUpdate:modelValue (http://localhost:5173/src/components/List/List.vue:543:34)
    at callWithErrorHandling (http://localhost:5173/node_modules/.vite/deps/vue.runtime.esm-bundler-2BtxhwZ0.js?v=91d2e1a0:1865:17)
    at callWithAsyncErrorHandling (http://localhost:5173/node_modules/.vite/deps/vue.runtime.esm-bundler-2BtxhwZ0.js?v=91d2e1a0:1872:15)
    at emit (http://localhost:5173/node_modules/.vite/deps/vue.runtime.esm-bundler-2BtxhwZ0.js?v=91d2e1a0:4569:15)
    at http://localhost:5173/node_modules/.vite/deps/vue.runtime.esm-bundler-2BtxhwZ0.js?v=91d2e1a0:6734:41 @ http://localhost:5173/src/composables/useApi.ts:13
[   73934ms] Error: pywebview is not registered
    at updateObject (http://localhost:5173/src/api/object.ts:83:10)
    at callApi (http://localhost:5173/src/composables/useApi.ts:10:25)
    at updateObject (http://localhost:5173/src/composables/useApi.ts:24:44)
    at updateObjectInBackend (http://localhost:5173/src/components/List/List.vue:97:25)
    at Proxy.changeWeight (http://localhost:5173/src/components/List/List.vue:83:27)
    at onUpdate:modelValue (http://localhost:5173/src/components/List/List.vue:543:34)
    at callWithErrorHandling (http://localhost:5173/node_modules/.vite/deps/vue.runtime.esm-bundler-2BtxhwZ0.js?v=91d2e1a0:1865:17)
    at callWithAsyncErrorHandling (http://localhost:5173/node_modules/.vite/deps/vue.runtime.esm-bundler-2BtxhwZ0.js?v=91d2e1a0:1872:15)
    at emit (http://localhost:5173/node_modules/.vite/deps/vue.runtime.esm-bundler-2BtxhwZ0.js?v=91d2e1a0:4569:15)
    at http://localhost:5173/node_modules/.vite/deps/vue.runtime.esm-bundler-2BtxhwZ0.js?v=91d2e1a0:6734:41
[   73934ms] [ERROR] API Error: Error: pywebview is not registered
    at updateObject (http://localhost:5173/src/api/object.ts:83:10)
    at callApi (http://localhost:5173/src/composables/useApi.ts:10:25)
    at updateObject (http://localhost:5173/src/composables/useApi.ts:24:44)
    at updateObjectInBackend (http://localhost:5173/src/components/List/List.vue:97:25)
    at Proxy.changeWeight (http://localhost:5173/src/components/List/List.vue:83:27)
    at onUpdate:modelValue (http://localhost:5173/src/components/List/List.vue:543:34)
    at callWithErrorHandling (http://localhost:5173/node_modules/.vite/deps/vue.runtime.esm-bundler-2BtxhwZ0.js?v=91d2e1a0:1865:17)
    at callWithAsyncErrorHandling (http://localhost:5173/node_modules/.vite/deps/vue.runtime.esm-bundler-2BtxhwZ0.js?v=91d2e1a0:1872:15)
    at emit (http://localhost:5173/node_modules/.vite/deps/vue.runtime.esm-bundler-2BtxhwZ0.js?v=91d2e1a0:4569:15)
    at http://localhost:5173/node_modules/.vite/deps/vue.runtime.esm-bundler-2BtxhwZ0.js?v=91d2e1a0:6734:41 @ http://localhost:5173/src/api/object.ts:84
[   73938ms] [WARNING] The specified value "" does not conform to the required format.  The format is "#rrggbb" where rr, gg, bb are two-digit hexadecimal numbers. @ http://localhost:5173/node_modules/.vite/deps/vue.runtime.esm-bundler-2BtxhwZ0.js?v=91d2e1a0:8108
[   73939ms] [ERROR] API Error: Error: pywebview is not registered
    at updateObject (http://localhost:5173/src/api/object.ts:83:10)
    at callApi (http://localhost:5173/src/composables/useApi.ts:10:25)
    at updateObject (http://localhost:5173/src/composables/useApi.ts:24:44)
    at updateObjectInBackend (http://localhost:5173/src/components/List/List.vue:97:25)
    at Proxy.changeWeight (http://localhost:5173/src/components/List/List.vue:83:27)
    at onUpdate:modelValue (http://localhost:5173/src/components/List/List.vue:543:34)
    at callWithErrorHandling (http://localhost:5173/node_modules/.vite/deps/vue.runtime.esm-bundler-2BtxhwZ0.js?v=91d2e1a0:1865:17)
    at callWithAsyncErrorHandling (http://localhost:5173/node_modules/.vite/deps/vue.runtime.esm-bundler-2BtxhwZ0.js?v=91d2e1a0:1872:15)
    at emit (http://localhost:5173/node_modules/.vite/deps/vue.runtime.esm-bundler-2BtxhwZ0.js?v=91d2e1a0:4569:15)
    at http://localhost:5173/node_modules/.vite/deps/vue.runtime.esm-bundler-2BtxhwZ0.js?v=91d2e1a0:6734:41 @ http://localhost:5173/src/composables/useApi.ts:13
[   73944ms] Error: pywebview is not registered
    at updateObject (http://localhost:5173/src/api/object.ts:83:10)
    at callApi (http://localhost:5173/src/composables/useApi.ts:10:25)
    at updateObject (http://localhost:5173/src/composables/useApi.ts:24:44)
    at updateObjectInBackend (http://localhost:5173/src/components/List/List.vue:97:25)
    at Proxy.changeWeight (http://localhost:5173/src/components/List/List.vue:83:27)
    at onUpdate:modelValue (http://localhost:5173/src/components/List/List.vue:543:34)
    at callWithErrorHandling (http://localhost:5173/node_modules/.vite/deps/vue.runtime.esm-bundler-2BtxhwZ0.js?v=91d2e1a0:1865:17)
    at callWithAsyncErrorHandling (http://localhost:5173/node_modules/.vite/deps/vue.runtime.esm-bundler-2BtxhwZ0.js?v=91d2e1a0:1872:15)
    at emit (http://localhost:5173/node_modules/.vite/deps/vue.runtime.esm-bundler-2BtxhwZ0.js?v=91d2e1a0:4569:15)
    at http://localhost:5173/node_modules/.vite/deps/vue.runtime.esm-bundler-2BtxhwZ0.js?v=91d2e1a0:6734:41
[   73944ms] [ERROR] API Error: Error: pywebview is not registered
    at updateObject (http://localhost:5173/src/api/object.ts:83:10)
    at callApi (http://localhost:5173/src/composables/useApi.ts:10:25)
    at updateObject (http://localhost:5173/src/composables/useApi.ts:24:44)
    at updateObjectInBackend (http://localhost:5173/src/components/List/List.vue:97:25)
    at Proxy.changeWeight (http://localhost:5173/src/components/List/List.vue:83:27)
    at onUpdate:modelValue (http://localhost:5173/src/components/List/List.vue:543:34)
    at callWithErrorHandling (http://localhost:5173/node_modules/.vite/deps/vue.runtime.esm-bundler-2BtxhwZ0.js?v=91d2e1a0:1865:17)
    at callWithAsyncErrorHandling (http://localhost:5173/node_modules/.vite/deps/vue.runtime.esm-bundler-2BtxhwZ0.js?v=91d2e1a0:1872:15)
    at emit (http://localhost:5173/node_modules/.vite/deps/vue.runtime.esm-bundler-2BtxhwZ0.js?v=91d2e1a0:4569:15)
    at http://localhost:5173/node_modules/.vite/deps/vue.runtime.esm-bundler-2BtxhwZ0.js?v=91d2e1a0:6734:41 @ http://localhost:5173/src/api/object.ts:84
[   73947ms] [WARNING] The specified value "" does not conform to the required format.  The format is "#rrggbb" where rr, gg, bb are two-digit hexadecimal numbers. @ http://localhost:5173/node_modules/.vite/deps/vue.runtime.esm-bundler-2BtxhwZ0.js?v=91d2e1a0:8108
[   73949ms] [ERROR] API Error: Error: pywebview is not registered
    at updateObject (http://localhost:5173/src/api/object.ts:83:10)
    at callApi (http://localhost:5173/src/composables/useApi.ts:10:25)
    at updateObject (http://localhost:5173/src/composables/useApi.ts:24:44)
    at updateObjectInBackend (http://localhost:5173/src/components/List/List.vue:97:25)
    at Proxy.changeWeight (http://localhost:5173/src/components/List/List.vue:83:27)
    at onUpdate:modelValue (http://localhost:5173/src/components/List/List.vue:543:34)
    at callWithErrorHandling (http://localhost:5173/node_modules/.vite/deps/vue.runtime.esm-bundler-2BtxhwZ0.js?v=91d2e1a0:1865:17)
    at callWithAsyncErrorHandling (http://localhost:5173/node_modules/.vite/deps/vue.runtime.esm-bundler-2BtxhwZ0.js?v=91d2e1a0:1872:15)
    at emit (http://localhost:5173/node_modules/.vite/deps/vue.runtime.esm-bundler-2BtxhwZ0.js?v=91d2e1a0:4569:15)
    at http://localhost:5173/node_modules/.vite/deps/vue.runtime.esm-bundler-2BtxhwZ0.js?v=91d2e1a0:6734:41 @ http://localhost:5173/src/composables/useApi.ts:13
[   73955ms] Error: pywebview is not registered
    at updateObject (http://localhost:5173/src/api/object.ts:83:10)
    at callApi (http://localhost:5173/src/composables/useApi.ts:10:25)
    at updateObject (http://localhost:5173/src/composables/useApi.ts:24:44)
    at updateObjectInBackend (http://localhost:5173/src/components/List/List.vue:97:25)
    at Proxy.changeWeight (http://localhost:5173/src/components/List/List.vue:83:27)
    at onUpdate:modelValue (http://localhost:5173/src/components/List/List.vue:543:34)
    at callWithErrorHandling (http://localhost:5173/node_modules/.vite/deps/vue.runtime.esm-bundler-2BtxhwZ0.js?v=91d2e1a0:1865:17)
    at callWithAsyncErrorHandling (http://localhost:5173/node_modules/.vite/deps/vue.runtime.esm-bundler-2BtxhwZ0.js?v=91d2e1a0:1872:15)
    at emit (http://localhost:5173/node_modules/.vite/deps/vue.runtime.esm-bundler-2BtxhwZ0.js?v=91d2e1a0:4569:15)
    at http://localhost:5173/node_modules/.vite/deps/vue.runtime.esm-bundler-2BtxhwZ0.js?v=91d2e1a0:6734:41
[   74835ms] [ERROR] API Error: Error: pywebview is not registered
    at updateObject (http://localhost:5173/src/api/object.ts:83:10)
    at callApi (http://localhost:5173/src/composables/useApi.ts:10:25)
    at updateObject (http://localhost:5173/src/composables/useApi.ts:24:44)
    at updateObjectInBackend (http://localhost:5173/src/components/List/List.vue:97:25)
    at Proxy.toggleStroke (http://localhost:5173/src/components/List/List.vue:57:27)
    at onClick (http://localhost:5173/src/components/List/List.vue:460:42)
    at http://localhost:5173/node_modules/.vite/deps/vue.runtime.esm-bundler-2BtxhwZ0.js?v=91d2e1a0:7545:58
    at callWithErrorHandling (http://localhost:5173/node_modules/.vite/deps/vue.runtime.esm-bundler-2BtxhwZ0.js?v=91d2e1a0:1865:17)
    at callWithAsyncErrorHandling (http://localhost:5173/node_modules/.vite/deps/vue.runtime.esm-bundler-2BtxhwZ0.js?v=91d2e1a0:1872:15)
    at callWithAsyncErrorHandling (http://localhost:5173/node_modules/.vite/deps/vue.runtime.esm-bundler-2BtxhwZ0.js?v=91d2e1a0:1880:51) @ http://localhost:5173/src/api/object.ts:84
[   74839ms] [WARNING] The specified value "" does not conform to the required format.  The format is "#rrggbb" where rr, gg, bb are two-digit hexadecimal numbers. @ http://localhost:5173/node_modules/.vite/deps/vue.runtime.esm-bundler-2BtxhwZ0.js?v=91d2e1a0:8108
[   74840ms] [ERROR] API Error: Error: pywebview is not registered
    at updateObject (http://localhost:5173/src/api/object.ts:83:10)
    at callApi (http://localhost:5173/src/composables/useApi.ts:10:25)
    at updateObject (http://localhost:5173/src/composables/useApi.ts:24:44)
    at updateObjectInBackend (http://localhost:5173/src/components/List/List.vue:97:25)
    at Proxy.toggleStroke (http://localhost:5173/src/components/List/List.vue:57:27)
    at onClick (http://localhost:5173/src/components/List/List.vue:460:42)
    at http://localhost:5173/node_modules/.vite/deps/vue.runtime.esm-bundler-2BtxhwZ0.js?v=91d2e1a0:7545:58
    at callWithErrorHandling (http://localhost:5173/node_modules/.vite/deps/vue.runtime.esm-bundler-2BtxhwZ0.js?v=91d2e1a0:1865:17)
    at callWithAsyncErrorHandling (http://localhost:5173/node_modules/.vite/deps/vue.runtime.esm-bundler-2BtxhwZ0.js?v=91d2e1a0:1872:15)
    at callWithAsyncErrorHandling (http://localhost:5173/node_modules/.vite/deps/vue.runtime.esm-bundler-2BtxhwZ0.js?v=91d2e1a0:1880:51) @ http://localhost:5173/src/composables/useApi.ts:13
[   74840ms] [WARNING] [Vue warn]: Unhandled error during execution of native event handler 
  at <Primitive ref=fn<forwardRef> type="button" as-child=false  ... > 
  at <Toggle data-slot="toggle" disabled=false modelValue=false  ... > 
  at <Toggle model-value=false onClick=fn<onClick> size="default"  ... > 
  at <CardDescription> 
  at <CardContent> 
  at <Card key="1f122399-97a8-65e0-8ec2-a8416cb2169a" class="relative mx-auto w-full max-w-sm pt-0 min-w-58" > 
  at <List> 
  at <Primitive id="reka-splitter-panel-v-5" style= {flexBasis: 0, flexGrow: 75.0, flexShrink: 1, overflow: hidden, pointerEvents: undefined} as=undefined  ... > 
  at <SplitterPanel ref=fn<forwardRef> data-slot="resizable-panel" defaultSize=75  ... > 
  at <ResizablePanel default-size=75 > 
  at <Primitive ref=fn<forwardRef> as=undefined as-child=false  ... > 
  at <SplitterGroup data-slot="resizable-panel-group" direction="vertical" onLayout=fn  ... > 
  at <ResizablePanelGroup direction="vertical" > 
  at <Primitive id="reka-splitter-panel-v-1" style= {flexBasis: 0, flexGrow: 33.3, flexShrink: 1, overflow: hidden, pointerEvents: undefined} as=undefined  ... > 
  at <SplitterPanel ref=fn<forwardRef> data-slot="resizable-panel" defaultSize=50  ... > 
  at <ResizablePanel default-size=50 > 
  at <Primitive ref=fn<forwardRef> as=undefined as-child=false  ... > 
  at <SplitterGroup data-slot="resizable-panel-group" direction="horizontal" onLayout=fn  ... > 
  at <ResizablePanelGroup direction="horizontal" class="max-w-dvwx min-h-11/12 rounded-lg border mt-1" > 
  at <MapPanel> 
  at <Main> 
  at <App> @ http://localhost:5173/node_modules/.vite/deps/vue.runtime.esm-bundler-2BtxhwZ0.js?v=91d2e1a0:1727
[   74848ms] Error: pywebview is not registered
    at updateObject (http://localhost:5173/src/api/object.ts:83:10)
    at callApi (http://localhost:5173/src/composables/useApi.ts:10:25)
    at updateObject (http://localhost:5173/src/composables/useApi.ts:24:44)
    at updateObjectInBackend (http://localhost:5173/src/components/List/List.vue:97:25)
    at Proxy.toggleStroke (http://localhost:5173/src/components/List/List.vue:57:27)
    at onClick (http://localhost:5173/src/components/List/List.vue:460:42)
    at http://localhost:5173/node_modules/.vite/deps/vue.runtime.esm-bundler-2BtxhwZ0.js?v=91d2e1a0:7545:58
    at callWithErrorHandling (http://localhost:5173/node_modules/.vite/deps/vue.runtime.esm-bundler-2BtxhwZ0.js?v=91d2e1a0:1865:17)
    at callWithAsyncErrorHandling (http://localhost:5173/node_modules/.vite/deps/vue.runtime.esm-bundler-2BtxhwZ0.js?v=91d2e1a0:1872:15)
    at callWithAsyncErrorHandling (http://localhost:5173/node_modules/.vite/deps/vue.runtime.esm-bundler-2BtxhwZ0.js?v=91d2e1a0:1880:51)
[   75467ms] [ERROR] API Error: Error: pywebview is not registered
    at updateObject (http://localhost:5173/src/api/object.ts:83:10)
    at callApi (http://localhost:5173/src/composables/useApi.ts:10:25)
    at updateObject (http://localhost:5173/src/composables/useApi.ts:24:44)
    at updateObjectInBackend (http://localhost:5173/src/components/List/List.vue:97:25)
    at Proxy.toggleStroke (http://localhost:5173/src/components/List/List.vue:57:27)
    at onClick (http://localhost:5173/src/components/List/List.vue:460:42)
    at http://localhost:5173/node_modules/.vite/deps/vue.runtime.esm-bundler-2BtxhwZ0.js?v=91d2e1a0:7545:58
    at callWithErrorHandling (http://localhost:5173/node_modules/.vite/deps/vue.runtime.esm-bundler-2BtxhwZ0.js?v=91d2e1a0:1865:17)
    at callWithAsyncErrorHandling (http://localhost:5173/node_modules/.vite/deps/vue.runtime.esm-bundler-2BtxhwZ0.js?v=91d2e1a0:1872:15)
    at callWithAsyncErrorHandling (http://localhost:5173/node_modules/.vite/deps/vue.runtime.esm-bundler-2BtxhwZ0.js?v=91d2e1a0:1880:51) @ http://localhost:5173/src/api/object.ts:84
[   75470ms] [WARNING] The specified value "" does not conform to the required format.  The format is "#rrggbb" where rr, gg, bb are two-digit hexadecimal numbers. @ http://localhost:5173/node_modules/.vite/deps/vue.runtime.esm-bundler-2BtxhwZ0.js?v=91d2e1a0:8108
[   75471ms] [ERROR] API Error: Error: pywebview is not registered
    at updateObject (http://localhost:5173/src/api/object.ts:83:10)
    at callApi (http://localhost:5173/src/composables/useApi.ts:10:25)
    at updateObject (http://localhost:5173/src/composables/useApi.ts:24:44)
    at updateObjectInBackend (http://localhost:5173/src/components/List/List.vue:97:25)
    at Proxy.toggleStroke (http://localhost:5173/src/components/List/List.vue:57:27)
    at onClick (http://localhost:5173/src/components/List/List.vue:460:42)
    at http://localhost:5173/node_modules/.vite/deps/vue.runtime.esm-bundler-2BtxhwZ0.js?v=91d2e1a0:7545:58
    at callWithErrorHandling (http://localhost:5173/node_modules/.vite/deps/vue.runtime.esm-bundler-2BtxhwZ0.js?v=91d2e1a0:1865:17)
    at callWithAsyncErrorHandling (http://localhost:5173/node_modules/.vite/deps/vue.runtime.esm-bundler-2BtxhwZ0.js?v=91d2e1a0:1872:15)
    at callWithAsyncErrorHandling (http://localhost:5173/node_modules/.vite/deps/vue.runtime.esm-bundler-2BtxhwZ0.js?v=91d2e1a0:1880:51) @ http://localhost:5173/src/composables/useApi.ts:13
[   75472ms] [WARNING] [Vue warn]: Unhandled error during execution of native event handler 
  at <Primitive ref=fn<forwardRef> type="button" as-child=false  ... > 
  at <Toggle data-slot="toggle" disabled=false modelValue=true  ... > 
  at <Toggle model-value=true onClick=fn<onClick> size="default"  ... > 
  at <CardDescription> 
  at <CardContent> 
  at <Card key="1f122399-97a8-65e0-8ec2-a8416cb2169a" class="relative mx-auto w-full max-w-sm pt-0 min-w-58" > 
  at <List> 
  at <Primitive id="reka-splitter-panel-v-5" style= {flexBasis: 0, flexGrow: 75.0, flexShrink: 1, overflow: hidden, pointerEvents: undefined} as=undefined  ... > 
  at <SplitterPanel ref=fn<forwardRef> data-slot="resizable-panel" defaultSize=75  ... > 
  at <ResizablePanel default-size=75 > 
  at <Primitive ref=fn<forwardRef> as=undefined as-child=false  ... > 
  at <SplitterGroup data-slot="resizable-panel-group" direction="vertical" onLayout=fn  ... > 
  at <ResizablePanelGroup direction="vertical" > 
  at <Primitive id="reka-splitter-panel-v-1" style= {flexBasis: 0, flexGrow: 33.3, flexShrink: 1, overflow: hidden, pointerEvents: undefined} as=undefined  ... > 
  at <SplitterPanel ref=fn<forwardRef> data-slot="resizable-panel" defaultSize=50  ... > 
  at <ResizablePanel default-size=50 > 
  at <Primitive ref=fn<forwardRef> as=undefined as-child=false  ... > 
  at <SplitterGroup data-slot="resizable-panel-group" direction="horizontal" onLayout=fn  ... > 
  at <ResizablePanelGroup direction="horizontal" class="max-w-dvwx min-h-11/12 rounded-lg border mt-1" > 
  at <MapPanel> 
  at <Main> 
  at <App> @ http://localhost:5173/node_modules/.vite/deps/vue.runtime.esm-bundler-2BtxhwZ0.js?v=91d2e1a0:1727
[   75478ms] Error: pywebview is not registered
    at updateObject (http://localhost:5173/src/api/object.ts:83:10)
    at callApi (http://localhost:5173/src/composables/useApi.ts:10:25)
    at updateObject (http://localhost:5173/src/composables/useApi.ts:24:44)
    at updateObjectInBackend (http://localhost:5173/src/components/List/List.vue:97:25)
    at Proxy.toggleStroke (http://localhost:5173/src/components/List/List.vue:57:27)
    at onClick (http://localhost:5173/src/components/List/List.vue:460:42)
    at http://localhost:5173/node_modules/.vite/deps/vue.runtime.esm-bundler-2BtxhwZ0.js?v=91d2e1a0:7545:58
    at callWithErrorHandling (http://localhost:5173/node_modules/.vite/deps/vue.runtime.esm-bundler-2BtxhwZ0.js?v=91d2e1a0:1865:17)
    at callWithAsyncErrorHandling (http://localhost:5173/node_modules/.vite/deps/vue.runtime.esm-bundler-2BtxhwZ0.js?v=91d2e1a0:1872:15)
    at callWithAsyncErrorHandling (http://localhost:5173/node_modules/.vite/deps/vue.runtime.esm-bundler-2BtxhwZ0.js?v=91d2e1a0:1880:51)
[   90028ms] [ERROR] API Error: Error: pywebview is not registered
    at createObject (http://localhost:5173/src/api/object.ts:19:10)
    at callApi (http://localhost:5173/src/composables/useApi.ts:10:25)
    at createObject (http://localhost:5173/src/composables/useApi.ts:21:44)
    at Proxy.saveObjectToDB (http://localhost:5173/src/store/useMapObjectStore.ts:250:17)
    at Proxy.wrappedAction (http://localhost:5173/node_modules/.vite/deps/pinia.js?v=91d2e1a0:4795:14)
    at store.<computed> (http://localhost:5173/node_modules/.vite/deps/pinia.js?v=91d2e1a0:4482:40)
    at Proxy.finalizeObject (http://localhost:5173/src/composables/useL7.ts:79:25)
    at Proxy.handleSubmit (http://localhost:5173/src/components/Map/MapOptions.vue:39:10)
    at _createVNode.onClick._cache.<computed>._cache.<computed> (http://localhost:5173/src/components/Map/MapOptions.vue:82:59)
    at callWithErrorHandling (http://localhost:5173/node_modules/.vite/deps/vue.runtime.esm-bundler-2BtxhwZ0.js?v=91d2e1a0:1865:17) @ http://localhost:5173/src/api/object.ts:20
[   90031ms] [WARNING] The specified value "" does not conform to the required format.  The format is "#rrggbb" where rr, gg, bb are two-digit hexadecimal numbers. @ http://localhost:5173/node_modules/.vite/deps/vue.runtime.esm-bundler-2BtxhwZ0.js?v=91d2e1a0:8108
[   90055ms] [ERROR] API Error: Error: pywebview is not registered
    at createObject (http://localhost:5173/src/api/object.ts:19:10)
    at callApi (http://localhost:5173/src/composables/useApi.ts:10:25)
    at createObject (http://localhost:5173/src/composables/useApi.ts:21:44)
    at Proxy.saveObjectToDB (http://localhost:5173/src/store/useMapObjectStore.ts:250:17)
    at Proxy.wrappedAction (http://localhost:5173/node_modules/.vite/deps/pinia.js?v=91d2e1a0:4795:14)
    at store.<computed> (http://localhost:5173/node_modules/.vite/deps/pinia.js?v=91d2e1a0:4482:40)
    at Proxy.finalizeObject (http://localhost:5173/src/composables/useL7.ts:79:25)
    at Proxy.handleSubmit (http://localhost:5173/src/components/Map/MapOptions.vue:39:10)
    at _createVNode.onClick._cache.<computed>._cache.<computed> (http://localhost:5173/src/components/Map/MapOptions.vue:82:59)
    at callWithErrorHandling (http://localhost:5173/node_modules/.vite/deps/vue.runtime.esm-bundler-2BtxhwZ0.js?v=91d2e1a0:1865:17) @ http://localhost:5173/src/composables/useApi.ts:13
[   90067ms] Error: pywebview is not registered
    at createObject (http://localhost:5173/src/api/object.ts:19:10)
    at callApi (http://localhost:5173/src/composables/useApi.ts:10:25)
    at createObject (http://localhost:5173/src/composables/useApi.ts:21:44)
    at Proxy.saveObjectToDB (http://localhost:5173/src/store/useMapObjectStore.ts:250:17)
    at Proxy.wrappedAction (http://localhost:5173/node_modules/.vite/deps/pinia.js?v=91d2e1a0:4795:14)
    at store.<computed> (http://localhost:5173/node_modules/.vite/deps/pinia.js?v=91d2e1a0:4482:40)
    at Proxy.finalizeObject (http://localhost:5173/src/composables/useL7.ts:79:25)
    at Proxy.handleSubmit (http://localhost:5173/src/components/Map/MapOptions.vue:39:10)
    at _createVNode.onClick._cache.<computed>._cache.<computed> (http://localhost:5173/src/components/Map/MapOptions.vue:82:59)
    at callWithErrorHandling (http://localhost:5173/node_modules/.vite/deps/vue.runtime.esm-bundler-2BtxhwZ0.js?v=91d2e1a0:1865:17)
[  607897ms] [WARNING] context creation error WebGLContextEvent @ http://localhost:5173/node_modules/.vite/deps/@antv_l7.js?v=91d2e1a0:31782
